rank,video,video_views,likes,dislikes,category,published
1,Lil Nas X - Old Town Road (Official Movie) ft. Billy Ray Cyrus,54071677,3497955,78799.0,Music,2019
2,"20 Tennis shots if they were not filmed, NOBODY would believe them",3471237,19023,859.0,Unknown,2017
3,JoJo Siwa - Karma (Official Video),34206747,293563,0.0,Music,2024
4,David Kushner - Daylight (Official Music Video),18558390,680732,0.0,Music,2023
5,Wiz Khalifa - See You Again ft. Charlie Puth [Official Video] Furious 7 Soundtrack,6547981039,44428537,0.0,Music,2015
6,JP Saxe - If the World Was Ending (Official Video) ft. Julia Michaels,76834495,804353,21195.0,Music,2019
7,JENNIE - ZEN (RUBY ALBUM MARCH 7),8306465,1261577,0.0,Music,2025
8,"Polo G, Stunna 4 Vegas & NLE Choppa feat. Mike WiLL Made-It - Go Stupid (Official Video)",7396199,320910,6485.0,Music,2020
9,"Yovie Widianto, Lyodra, Tiara Andini, Ziva Magnolya - Menyesal",13894905,452087,0.0,Music,2023
10,JD Pantoja - 12‚Ä¢19 (Official Video),7010732,1027392,34185.0,Music,2020
11,Power Star Pawan Kalyan Special Surprise To Sensational Singer Baby|Filmy Poster,96686,1007,82.0,Entertainment,2018
12,Rels B - LA LATINA (Videoclip Oficial),5851411,155543,3504.0,Music,2019
13,"Luck Ra, Nicki Nicole - DOCTOR",8286096,149421,0.0,Music,2024
14,"Colapesce, Dimartino - Musica leggerissima (Official Video - Sanremo 2021)",6953838,116350,2059.0,Music,2021
15,Polo G - Flex (Official Audio) ft. Juice WRLD,3845186,122706,1305.0,Music,2020
16,"Kevin AMF, Tiagz - Maradona (Tatara) (Video Oficial)",5756535,111266,0.0,Music,2024
17,LILHUDDY - America's Sweetheart (Official Music Video),3086667,346074,12082.0,Music,2021
18,MILLION DOLLAR BABY,11894076,226375,0.0,Music,2024
19,Every Moment With You (ÎÑàÏôÄÏùò Î™®Îì† ÏßÄÍ∏à),7958181,54903,0.0,Music,2024
20,Jay Wheeler - Te La Dedico / For You (Official Video),13764098,111497,0.0,Music,2023
21,KATSEYE - Touch (ft. YEONJUN of TOMORROW X TOGETHER),2279833,168798,0.0,Music,2024
22,"Ghetto Kids, Kenia OS, Malo - Toketeo (Video Oficial)",1677733,211037,7579.0,Music,2021
23,Polo G - Be Something (Official Audio) ft. Lil Baby,2692740,99982,2393.0,Music,2020
24,TEST Œ≥ŒπŒ±ŒΩŒ± Œ¥ŒµŒπœÇ Œ±ŒΩ Œ≠œáŒµŒπœÇ Œ∫Œ±ŒªŒ¨ ŒºŒ±œÑŒπŒ¨,699382,8436,1756.0,People & Blogs,2017
25,"GabyMusic,AnuelAA,LuarLa,Lunay,Bryant Myers - No Te Quieren Conmigo(Remix)",5461432,159823,0.0,Music,2024
26,Olivia Rodrigo - drivers license (Official Video),68224979,3810456,48539.0,Music,2021
27,Libianca - People (Visualiser) ft. Becky G,5353676,113198,0.0,Music,2023
28,Sofia Castro - Bien Por Ti (Official Video),3416695,204468,0.0,Music,2022
29,–í–∫–ª–∞–¥—á–∏–∫–∞–º –Æ–≥—Ä—ã –≤ –¶–µ–Ω—Ç—Ä–æ–±–∞–Ω–∫–µ –Ω–µ —Ä–∞–¥—ã,204782,5352,63.0,News & Politics,2017
30,Kodak Black - Hit Stick,2032486,87384,0.0,Music,2024
31,Jay Wheeler - Xexo (Official Video),5038848,93112,0.0,Music,2023
32,"6ix9ine - FEFE ft. Nicki Minaj, Murda Beatz",1090948051,9015394,0.0,People & Blogs,2018
33,Ice Spice - in ha mood (Official Video),3725161,160883,0.0,Music,2023
34,JD Pantoja - 12‚Ä¢19 (Trailer),2144710,317352,8155.0,Music,2020
35,PUN - DAY ONE,4669546,95387,0.0,Music,2024
36,Be√©le - Si Te Interesa (Official Video),1450005,94228,1067.0,Music,2021
37,[Dandadan] Creepy Nuts - „Ç™„Éà„Éé„Ç±(Otonoke)¬†(Official Music Video),13933735,441696,0.0,Music,2024
38,Mulatto - No Hook (Official Video),2138136,123687,1793.0,Music,2020
39,"Asake, Central Cee - Wave (Official Video)",10779032,287616,0.0,Music,2024
40,Aitch - Safe To Say,1330363,84759,1749.0,Music,2020
41,Destroy Lonely - Look Killa (Short Film) (Short Film),1194149,89811,0.0,Music,2023
42,Cat mom hugs baby kitten,59857489,347772,8212.0,Pets & Animals,2011
43,"Alex Ponce, BLANKO - La Sin Sentimientos (Official Video)",2443713,88475,0.0,Music,2024
44,Addison Rae - Aquamarine (Official Video),2641333,135303,0.0,Music,2024
45,ALYPH - SWIPE (ft. Dato Seri Vida) Official Music Video,4645815,93750,0.0,Music,2022
46,Natalie Jane - AVA (Lyric Video),1592225,59621,0.0,Music,2022
47,Á¥´¬†‰ªä¬†-¬†È≠îÊÄß„ÅÆÂ•≥A„ÄÄLyric¬†Video,1581463,61186,0.0,Music,2024
48,Bunny Girl,2126674,81236,0.0,Music,2024
49,Morray - Trenches (Official Music Video),1352140,58129,1051.0,Music,2021
50,Luke Hemmings - Starting Line (Official Video),635002,129469,179.0,Music,2021
51,"UMI, V - wherever u r (ft. V of BTS) official lyric video",4273176,521085,0.0,Music,2023
52,"Si, Si Eres Tu",10363316,337066,0.0,Music,2023
53,7liwa - Rwicha (Official Music Video),1662974,45556,0.0,Music,2024
54,Kim Petras & Nicki Minaj - Alone (Official Music Video),12935167,279649,0.0,Music,2023
55,Eden Mu√±oz - ¬øC√ìMO TE FUE SIN M√ç?,1847580,32324,0.0,Music,2024
56,"Camilo, Pedro Cap√≥ - Tutu (Official Video)",1520641,319573,2361.0,Music,2019
57,Trueno - REAL GANGSTA LOVE (Visualizer),3079234,109936,0.0,Music,2024
58,Rhapsody of Sadness,3409906,18968,0.0,Music,2023
59,Dani Ribba - Solo Una Vez (Official Video),473979,107663,263.0,Music,2021
60,Roger Federer / Bill Gates vs John Isner / Mike McCready - Match for Africa 4 Highlights,514694,2742,69.0,Sports,2017
61,"Pedro Cap√≥, Farruko - Calma (Remix - Official Video)",2964195014,13755637,0.0,Music,2018
62,Chica Atractiva,2638356,33875,0.0,Music,2025
63,SuperM - With You,730744,215534,379.0,Music,2020
64,"Eladio Carri√≥n - Quiz√°s, Tal Vez (Live Session) | Vevo ctrl",4196300,56077,0.0,Music,2023
65,Lil Kee - What You Sayin ft. Lil Baby,2716318,83058,0.0,Music,2022
66,Trueno - RAIN III (Visualizer),2157197,129977,0.0,Music,2024
67,Brock Lesnar serves breakfast in ESPN cafeteria prank | ESPN Archives,2472045,28842,1204.0,Sports,2017
68,Totti with a funny penalty,8353318,5613,1082.0,Sports,2007
69,"ROA, De La Rose, Luar La L, Yan Block, Omar Courtz - ETA RMX",9140994,179818,0.0,Music,2024
70,JoJo Siwa - Guilty Pleasure (Official Music Video),3870451,39264,0.0,Music,2024
71,"Rema, Shallipopi - BENIN BOYS",3795164,112684,0.0,Music,2024
72,Remember Me (Í∏∞ÏñµÌï¥Ï§òÏöî ÎÇ¥ Î™®Îì† ÎÇ†Í≥º Í∑∏ÎïåÎ•º),5272487,20088,0.0,Music,2024
73,–ú–æ–∂–Ω–æ —è —Å —Ç–æ–±–æ–π (can i come with you),2218610,92278,0.0,Music,2024
74,Isadora Pompeo - Ovelhinha (Ao Vivo),2934585,66830,0.0,Music,2024
75,Êñ∞ÊôÇ‰ª£ („Ç¶„Çø from ONE PIECE FILM RED),4321634,156105,0.0,Music,2022
76,Massimo Pericolo - Moneylove (Visual Video) ft. Emis Killa,3824053,36936,0.0,Music,2023
77,La nevedere,2960493,22343,0.0,Music,2022
78,CHAINSAW BLOOD / VaundyÔºöMUSIC VIDEO,5767744,98070,0.0,Music,2022
79,"ILLENIUM, Jon Bellion - Good Things Fall Apart (Lyric Video)",3474334,108128,1292.0,Music,2019
80,"Chencho Corleone, Peso Pluma - HUMO (Official Video)",8915202,199564,0.0,Music,2024
81,we were in love (2024) (... ÏÇ¨ÎûëÌñàÏûñÏïÑ... (2024)),3630534,22217,0.0,Music,2024
82,"Yovie Widianto, Ziva Magnolya - Menanti (Official Music Video)",3264026,58596,0.0,Music,2023
83,"Jay Wheeler, Anuel AA, Hades66 - Pacto (Remix) (Official Video) ft. Bryant Myers, Dei V",16651507,517095,0.0,Music,2023
84,Aslay feat. Harmonize - Follow Me (Official Music Video),1397658,44137,0.0,Music,2022
85,Eden Mu√±oz - todo me vale madre,1144941,30525,0.0,Music,2024
86,ROSONES,1143334,27036,0.0,Music,2024
87,Chl√∂e - Have Mercy (Official Video),1329956,192472,2173.0,Music,2021
88,Sofia Castro - Te Juro No Te Miento (Official Video),2581581,135813,0.0,Music,2024
89,Chema Rivas - LA ROJA (CANCI√ìN MUNDIAL) (Video Oficial),726826,39271,0.0,Music,2022
90,Lil Loaded ft. YG - ‚ÄúGang Unit Remix‚Äù (Official Video),1736200,127492,1363.0,Music,2020
91,Ice Spice & Nicki Minaj - Princess Diana (Official Music Video),45990411,1128880,0.0,Music,2023
92,"Jay Wheeler, Dei V, Hades66 - Pacto (Official Video) ft. Luar La L",20502045,180683,0.0,Music,2023
93,MAX - Blueberry Eyes (feat. SUGA of BTS) [Official Music Video],3266571,920096,5819.0,Music,2020
94,Teresa & Maria,11757639,160328,0.0,Music,2024
95,Fedez - Prima di ogni cosa (Official Video),4833788,202477,7131.0,Music,2018
96,"SEVDALIZA - ALIBI | Live From Vevo Studios ft. PABLLO VITTAR, YSEULT",5368532,223418,0.0,Music,2024
97,Luck Ra - ROBAME UN BESO (Official Video),1891707,41102,0.0,Music,2024
98,AIELLO - ORA (Official Video - Sanremo 2021),1132390,23083,887.0,Music,2021
99,JADE - Angel Of My Dreams (Official Video),5396154,214969,0.0,Music,2024
100,Sauti Sol - Lil Mama (Official Audio),1642529,27426,0.0,Music,2022
101,Static & Ben El - Bella,3305681,10461,626.0,Music,2021
102,"Sabe que os mlk √© drake, n√£o √© bigode n√£o",1415045,18770,0.0,Music,2024
103,Destroy Lonely - if looks could kill (Official Music Video),830566,58361,0.0,Music,2023
104,ÂÅΩÁâ©ÂÅΩÁâ©ÂÅΩÁâ©ÂÅΩÁâ©ÂÅΩÁâ©ÂÅΩÁâ©ÂÅΩÁâ©ÂÅΩÁâ©ÂÅΩÁâ©ÂÅΩÁâ©ÂÅΩÁâ©ÂÅΩÁâ©ÂÅΩÁâ©ÂÅΩÁâ©ÂÅΩÁâ©ÂÅΩÁâ©ÂÅΩÁâ©ÂÅΩÁâ©ÂÅΩÁâ©ÂÅΩÁâ©ÂÅΩÁâ©ÂÅΩÁâ©ÂÅΩÁâ©ÂÅΩÁâ©ÂÅΩÁâ©ÂÅΩÁâ©ÂÅΩÁâ©ÂÅΩÁâ©ÂÅΩÁâ©ÂÅΩÁâ©ÂÅΩÁâ©ÂÅΩÁâ©ÂÅΩÁâ©ÂÅΩÁâ©ÂÅΩÁâ©ÂÅΩÁâ©ÂÅΩÁâ©ÂÅΩÁâ©ÂÅΩÁâ©ÂÅΩÁâ©ÂÅΩÁâ©ÂÅΩÁâ©ÂÅΩÁâ©ÂÅΩÁâ©ÂÅΩÁâ©ÂÅΩÁâ©ÂÅΩÁâ©ÂÅΩÁâ©ÂÅΩÁâ©ÂÅΩÁâ©,685189,30320,0.0,Music,2024
105,Oxlade - KU LO SA (Official Video),6005457,134873,0.0,Music,2022
106,Rauw Alejandro - Touching The Sky (Official Video),3139901,109406,0.0,Music,2024
107,Ricchi E Poveri - Ma non tutta la vita (Official Video) | Sanremo 2024,6849596,59198,0.0,Music,2024
108,Trueno - PULL UP! (Official Video),1434999,86484,0.0,Music,2024
109,"Fasma, GG - Parlami (Official Video - Sanremo 2021)",757718,25704,243.0,Music,2021
110,"ILLENIUM, Jon Bellion - Good Things Fall Apart",10358663,169009,3138.0,Unknown,2019
111,Isadora Pompeo - Tetelestai (Ao Vivo) ft. Carol Tauber,1205733,34861,0.0,Music,2024
112,ARIETE - MARE DI GUAI (Official Video - Sanremo 2023),1130141,17689,0.0,Music,2023
113,Dennis Lloyd - Never Go Back (Official Video),720437,26772,274.0,Music,2019
114,Insta Vs Reality üò≤üòç #travel #unrealplaces #explore #nature,73165517,2967591,0.0,Travel & Events,2024
115,"Sir Nicholas Winton - BBC Programme ""That's Life"" aired in 1988",39407674,97009,747.0,Education,2009
116,Bird learns how life works,4916042,74420,703.0,Gaming,2015
117,Kid at Minecon 2016 asks what we all wish we could answer,1669272,23510,502.0,People & Blogs,2016
118,Cazzu - Miedo,2761300,289010,7719.0,Music,2020
119,"Gazo, Tiakola - CARTIER (Visualizer)",1366275,34494,0.0,Music,2023
120,UWAIE,8114376,122955,0.0,Music,2024
121,Trueno - REAL GANGSTA LOVE (Official Video),15985735,263086,0.0,Music,2024
122,Jim Carrey THE FUNNIEST video,8322488,6216,11521.0,Comedy,2007
123,Fedez - PRIMA DI OGNI COSA (Teaser),885149,29689,2992.0,Music,2018
124,"Lil Nas X, Cardi B - Rodeo (Official Audio)",1783881,254185,8177.0,Music,2019
125,Conan Gray - The Story,252272,72135,195.0,Music,2020
126,Doug Fernandez gives up,2002491,19461,185.0,People & Blogs,2017
127,Ysrael Barajas - GPI 2 (Video Oficial),983919,20719,0.0,Music,2024
128,"Gazo, Tiakola - NOTRE DAME (Visualizer)",1551825,27064,0.0,Music,2023
129,Traditional Malaysian blowpipe maker shows how he takes down his prey in the wild,3510345,32449,248.0,Film & Animation,2017
130,Aslay - Inauma (Official Music Video),1606569,34829,0.0,Music,2023
131,We asked you... What do you Chooze ?,1018713,2413,12.0,Autos & Vehicles,2017
132,Drawing the pillar of lifeü•∂üóø#trollface #trollfaceedit #troll,133062446,3173002,0.0,People & Blogs,2025
133,Gazo - 100K (Visualizer),1167599,32821,0.0,Music,2023
134,ALFA - Vai! (Official Video - Sanremo 2024),5192650,49065,0.0,Music,2024
135,Classy 101,11170714,157703,0.0,Music,2023
136,Tenacious D - Explosivo,2754518,10186,204.0,Entertainment,2006
137,"ROSAL√çA, J Balvin - Con Altura (Official Video) ft. El Guincho",2209874850,9768545,0.0,Music,2019
138,"J.P., NLE Choppa - Bad Bitty (Remix) [Official Music Video]",987265,46378,0.0,Music,2024
139,Tyla Yaweh - I Think I Luv Her (Lyric Video) ft. YG,2124429,19110,1256.0,Music,2019
140,PUN - BF (feat. URBOYTJ),1588998,39090,0.0,Music,2024
141,Old man is having fun under metallica,2566313,25274,399.0,Entertainment,2017
142,DIE 4 YOU,5766751,65566,0.0,Music,2023
143,Rocket Blast Off #messingaround #flying #fun #brothers #playing #hangtime,156690686,1868300,0.0,Sports,2024
144,ÎÑàÎùºÎäî Î≥Ñ,4406467,18295,0.0,Music,2024
145,Eladio Carri√≥n - Cuevita (Live Session) | Vevo ctrl,2246356,26765,0.0,Music,2023
146,Say My Name,1845505,18095,0.0,Music,2023
147,ETA (RMX),1036672,33644,0.0,Music,2024
148,Big Homiie G - Who Got It (Official Video) ft. Finesse2Tymes,865867,24156,0.0,Music,2022
149,"GloRilla, Cardi B - Tomorrow 2 (Official Music Video)",31909765,638566,0.0,Music,2022
150,"Asake, Travis Scott - Active (Official Video)",6232792,184120,0.0,Music,2024
151,Eden Mu√±oz - Traigo Saldo y Ganas de Rogar,1077182,18109,0.0,Music,2024
152,DAY - Na Sua M√£o,311930,35208,325.0,Music,2019
153,Laf 2.0,1068698,11495,0.0,Music,2024
154,So adorable! üíï #cute #animal #rocks #baby,105921315,1482485,0.0,Entertainment,2025
155,Grandma Dottie's Prom Dress Surprise,8414676,2442,103.0,People & Blogs,2012
156,–§–æ—Ä—Ç–µ—Ü—è –ë–∞—Ö–º—É—Ç,700921,20921,0.0,Music,2023
157,Not a mechanical baby,14612153,3339,156.0,Entertainment,2011
158,Prohibidox,7149556,109633,0.0,Music,2022
159,Mark Tuan - lonely (rock version) [Official Video],250551,47398,0.0,Music,2022
160,Shaboozey - A Bar Song (Tipsy) [Official Visualizer],4941173,121986,0.0,Music,2024
161,Nikita Kering' - On Yah (Intro),726705,32777,0.0,Music,2022
162,Coma_Cose - L'ADDIO (Official Video - Sanremo 2023),3672887,41513,0.0,Music,2023
163,Nanpa B√°sico - Cuando Vienes (Official Video),686747,24507,0.0,Music,2024
164,Doechii - DENIAL IS A RIVER (Official Video),9950373,770587,0.0,Music,2025
165,Destroy Lonely - how u feel? (Official Music Video),845139,46444,0.0,Music,2023
166,‚ÄéGood Night Good Dream (Ï¢ãÏùÄ Î∞§ Ï¢ãÏùÄ Íøà),1776477,9118,0.0,Music,2024
167,don't leave me (Í±∞ÏßìÎßêÏ≤òÎüº),1787169,13937,0.0,Music,2024
168,Bi Polar (SAYGI1),885313,12792,0.0,Music,2024
169,Im sorry?,3670491,30180,171.0,People & Blogs,2017
170,44 Magnum Las Vegas,2345415,7883,259.0,People & Blogs,2010
171,Parks and Rec Come back joke,2482309,20964,224.0,Comedy,2012
172,ECKO - ICE (Official Video),2229501,149653,10701.0,Music,2018
173,Marshmello x Jonas Brothers - Leave Before You Love Me (Official Music Video),344124,62256,559.0,Music,2021
174,David Beckham crazy pass (cross),17275250,32362,752.0,Sports,2008
175,–ú–æ–∂–Ω–æ —è —Å —Ç–æ–±–æ–π,1356781,37200,0.0,Music,2024
176,No_se_ve.mp3,3085869,45677,0.0,Music,2023
177,"Silverado 500,000 mile celebration",836184,11538,283.0,People & Blogs,2017
178,Morray - Can‚Äôt Use Me (Official Music Video),345086,26022,289.0,Music,2021
179,FMK - Parte de Mi (Official Video) ft. Lit Killah,303497,71457,517.0,Music,2019
180,Me And The Devil (SLOWED + ECO),1593787,18204,0.0,Music,2025
181,"Begun, the Duck War has",3586169,51443,300.0,Entertainment,2017
182,Meet Will,3121597,40432,313.0,Comedy,2018
183,–†–æ–º–∞–Ω –ö—É—Ä—Ü—ã–Ω —Ä–∞—Å—Å–∫–∞–∑—ã–≤–∞—é—Ç –≤—Å—é –ø—Ä–∞–≤–¥—É –æ —Ñ–∏–ª—å–º–µ ¬´–ö—Ä—ã–º¬ª,836941,23924,23364.0,People & Blogs,2017
184,Helena - Summer Body (Clip Officiel),921210,43854,0.0,Music,2024
185,Maximus by Kerbedanz - the biggest known tourbillon for wristwatch,1263651,10376,126.0,People & Blogs,2017
186,girl in red - Too Much (Official Video),268038,31023,0.0,Music,2024
187,Artifact new game announcement from Valve crowd reaction,1301165,17084,1900.0,Music,2017
188,Rels B - ORGULLO (Videoclip Oficial),340606,72349,815.0,Music,2019
189,Brenda Lee - Rockin' Around The Christmas Tree (Official Music Video),2605084,55604,0.0,Music,2023
190,Mephisto,832845,21237,0.0,Music,2023
191,¬°Que Te Pasa!,1668686,24060,0.0,Music,2024
192,Clumsy Dog,3432791,24140,254.0,Gaming,2017
193,A disabled duckling helps his cat friend üê• #DuckRescue #CuteAnimals #AnimalRescue,114441704,3749872,0.0,Entertainment,2024
194,tommy wiseau can't understand millennials,3320857,28326,198.0,Comedy,2017
195,"Tainy, J Balvin - Agua (Music From ""Sponge On The Run"" Movie/Official Lyrics)",1936929,186235,6564.0,Music,2020
196,Yo Vengo De La Nada,592930,13705,0.0,Music,2024
197,Tiryakinim,6332540,64248,0.0,Music,2024
198,El Connecto,3583270,41735,485.0,People & Blogs,2018
199,ORIGAMI ALL'ALBA - CLARA,2030824,26233,0.0,Music,2023
200,Fo fo fo fo fristajlo!,2894700,6108,152.0,Comedy,2007
201,"""Drake"" on the Tube...",2683856,7414,457.0,Comedy,2012
202,Minimum √ßa,680629,11809,0.0,Music,2024
203,Flying nut high five,7852043,62744,748.0,People & Blogs,2014
204,Tems - Crazy Tings (Official Video),2496817,91980,979.0,Music,2021
205,"Raisa, Ahmad Dhani - Biar Menjadi Kenangan (Official Lyric Video)",1891769,33390,0.0,Music,2023
206,üòÇüòÇüòÇüòÇüòÇüòÇ I challenge you to a duel,33774303,2210308,0.0,Music,2024
207,Hitana,1614632,9651,0.0,Music,2023
208,My dad flew into town to surprise his parents.,888893,8190,113.0,People & Blogs,2016
209,DaBaby - ROCKSTAR (Live From The BET Awards/2020) ft. Roddy Ricch,1937851,212963,3907.0,Music,2020
210,Best Heavyweight Knockouts of All Time,5250458,5891,509.0,Sports,2007
211,Sobran Motivos,1574149,13731,0.0,Music,2024
212,Roblox Hack (NEW) - How to Get Free Robux - Robux Glitch (Get Free Items),546583,14662,454.0,Gaming,2017
213,Kep1er ÏºÄÌîåÎü¨ | 'I do! Do you?' M/V,6448957,284632,0.0,Music,2023
214,"Be√©le, Myke Towers, Feid - Barranquilla Bajo Cero (Official Video)",8254128,198513,0.0,Music,2022
215,Bƒ±raktƒ±ƒüƒ±n Gibi Burdayƒ±m,1291926,10366,0.0,Music,2024
216,My Diablo 3 Inferno Tactic,2362860,22368,787.0,Gaming,2012
217,Wedding first dance w/ surprise Jack Johnson Michael Jackson,16485606,15813,1360.0,Comedy,2007
218,"Chu,Tayousei.",739527,17094,0.0,Music,2022
219,Starcraft 2 Gameplay footage and unit preview,7529927,6075,772.0,Entertainment,2007
220,Massimo Pericolo - Non Parlarmi (Outro) (Official Video),586388,33599,0.0,Music,2023
221,Isadora Pompeo - Alian√ßa (Ao Vivo),1535732,30924,0.0,Music,2024
222,Raisa - Bertahan / Pergi,922070,30510,0.0,Music,2022
223,WYA REMIX BLACK AND YELLOW (feat. iZaak & Pirlo),4281153,119578,0.0,Music,2024
224,Dog reacts to return of Nathan after two year Mormon mission,6040429,5972,194.0,Pets & Animals,2015
225,"DacƒÉ n-ai bani (feat. Beach, Please!)",1015509,9689,0.0,Music,2022
226,Aslay - Mozzah (Official Music Video),513530,21071,0.0,Music,2022
227,Jagwar Twin - Bad Feeling (Oompa Loompa) (Visualizer),3050307,91826,0.0,Music,2023
228,14 de Febrero,3119940,328395,0.0,Music,2023
229,Panchlait - Teaser 2 | Prem Modi | Funtime Entertainment,885706,5835,217.0,Film & Animation,2017
230,Mila Kunis Tells Off A Reporter In Fluent Russian,3324459,23701,834.0,Entertainment,2012
231,When You play dodgeball with a Softball player. licensing@rumble.com,2134991,12128,299.0,Comedy,2017
232,Super platano brothers,1595388,14720,344.0,Comedy,2017
233,Amapola,952452,18255,0.0,Music,2024
234,Negramaro - Ricominciamo tutto (Sanremo 2024),1095011,14122,0.0,Music,2024
235,Brother just sent me this,622782,8883,348.0,Entertainment,2017
236,Chiara Oliver - 3 de febrero (video oficial),505626,35212,0.0,Music,2024
237,WII,1634684,8333,338.0,Entertainment,2006
238,These Little Moments ü•πü§ç #toddler #siblings #cute,69659013,1117902,0.0,Howto & Style,2024
239,Doechii - What It Is (Block Boy) feat. Kodak Black [Official Video],3851533,106085,0.0,Music,2023
240,two fake umps.MOV,1338441,3712,135.0,Sports,2010
241,Roblox Hack - Robux Hacks - Roblox Secret Exploit (Android/without jailbreak),414973,29256,341.0,Gaming,2017
242,The ABSOLUTE BEST Fabric Tile Design You Won't Believe,57223159,1014976,0.0,People & Blogs,2025
243,My Love,583139,10498,0.0,Music,2024
244,Trueno - PLO PLO! (Visualizer),354072,38418,0.0,Music,2024
245,Suzuki Hayabusa with Turbo Vmax 390kmh,20146924,11010,1095.0,Autos & Vehicles,2006
246,pevecov popek poje na sexy back,37460296,4533,10949.0,Comedy,2007
247,You can't even text and walk,1154376,10616,496.0,People & Blogs,2017
248,Anas feat. Soolking - Sur Pp (Clip officiel),8075765,127110,0.0,Music,2023
249,Lil Tjay - Hold On (Official Audio),316785,42854,211.0,Music,2019
250,How to surprise a horse,1625194,7357,352.0,Comedy,2016
251,Superman Disguise,1388327,6100,97.0,People & Blogs,2010
252,Player 456 And His Team Survive Another Game I Squid Game Edit I #shorts,43383619,1552099,0.0,Film & Animation,2025
253,J.I. - Everything [Official Music Video],389208,33622,219.0,Music,2021
254,burp helium (so funny),12552948,81470,2073.0,People & Blogs,2014
255,McDonald's drive thru,726293,9536,207.0,People & Blogs,2016
256,Mulatto - Muwop (Official Video) ft. Gucci Mane,1048126,64451,2519.0,Music,2020
257,Bryan Behr - De Todos Os Amores,684366,12586,35.0,Unknown,2020
258,"Aczino, Gera MX - Or√≠genes Vivos (Video Oficial)",1082313,81502,0.0,Music,2023
259,ƒ∞NTƒ∞HAR,869318,9477,0.0,Music,2024
260,camera shutter speed matches helicopter`s rotor,3682223,53493,581.0,People & Blogs,2017
261,Gavin Magnus - Hearts on a Pendant (Official Video),1170069,80768,2719.0,Music,2020
262,Los Presidentes,712072,8473,0.0,Music,2024
263,Headie One - Princess Cuts (Official Video) ft. Young T & Bugsey,429900,29311,225.0,Music,2020
264,‰∏â‰ª£ÁõÆ J SOUL BROTHERS from EXILE TRIBE / Rat-tat-tat (Music Video),1538191,57477,1246.0,People & Blogs,2020
265,Í≥†Îûò Dive Into You,852020,143052,276.0,Music,2021
266,"Andy Rivera, Totoy El Frio - No Es la Misma (Video Oficial)",298089,24333,277.0,Music,2021
267,VV - Neon Noir,447123,21012,0.0,Music,2023
268,"Ysrael Barajas, Miranda Le√≥n - Ropa de Bazar (Letra/Lyrics)",303440,16638,0.0,Music,2024
269,Silent Monks Singing Halleluia,21061223,50817,1336.0,Comedy,2008
270,"Oxlade, Camila Cabello - KU LO SA (Official Video)",4750630,141891,0.0,Music,2022
271,Seen,1212699,8362,0.0,Music,2023
272,EVLƒ∞ MUTLU CISTAK,1024855,5714,0.0,Music,2024
273,Maradonna Gods Hand,3777997,2300,854.0,Sports,2007
274,„Éá„Ç£„Ç¢‚ô°„Éû„Ç§„Éï„É¨„É≥„Éâ feat. „Å°„ÇÖ„Éº„Åü„ÇìÔºàCVÔºöÊó©Ë¶ãÊ≤ôÁπîÔºâÔºèHoneyWorks,1619449,56482,0.0,Music,2023
275,"Kevin AMF, Omar Landell - Blair (Video Oficial)",2762811,51542,0.0,Music,2024
276,Eden Mu√±oz - NTP,553461,14462,0.0,Music,2024
277,0 Sharpness knife test?üíÄ,113886130,4702361,0.0,People & Blogs,2024
278,Exchange gift with my girls ü´∂ü´Ç,49970474,1810818,0.0,People & Blogs,2025
279,–ï—Å–ª–∏ –º–µ–Ω—Ç....,10748286,7504,4116.0,Music,2010
280,Guy orders bong. Package arrives and its an Xbox remote.,1486888,20547,933.0,People & Blogs,2018
281,Tu Boda 2,1501104,41056,0.0,Music,2024
282,Naruto german opening,2082329,27628,1967.0,Entertainment,2007
283,Real Boston Richey - Help Me (Official Music Video),783263,17671,0.0,Music,2024
284,Alkpote - Patek (Clip officiel) ft. Kalash Criminel,271206,16776,322.0,Music,2019
285,The Big Fat Quiz Of The 90s   Mr Blobby,951835,7347,121.0,People & Blogs,2014
286,–•–æ–∫–∫–µ–π –≤ —Ñ—É—Ä–µ - –≤—ã–∑–æ–≤ –ø—Ä–∏–Ω—è—Ç!,1556347,2726,1433.0,Sports,2017
287,Ready? Ready.,1486824,4805,143.0,People & Blogs,2016
288,Dog meets baby kitten,5856946,2705,83.0,People & Blogs,2014
289,Party Boy Corey Worthington and his Famous Sunglasses,896419,7060,152.0,News & Politics,2008
290,Lil Nas X - Panini (Official Audio),699364,162807,4419.0,Music,2019
291,"Ben&Ben - Dear | Official Lyric Video | Recorded Live in Firdaus Studio, Dubai",790924,32192,0.0,Music,2022
292,HURTZ,1140569,23225,0.0,Music,2023
293,Tengo Un Plan (Remix),2381406,41572,0.0,Music,2024
294,–û–±–∏—Ä–∞—Ç–∏–º—É —Å–µ–±–µ,637180,18265,0.0,Music,2024
295,Garam Dan Madu,1051681,18600,0.0,Music,2024
296,EDWIN SARKISSIAN BLOWS STUFF UP (REAL OR FAKE?COMMENT BELOW!)                #shorts #funny #comedy,27460495,1785958,0.0,Gaming,2024
297,"Olly, Angelina Mango, JVLI - Per due come noi (Official Video)",3822060,38443,0.0,Music,2024
298,ƒ∞htimallerde Yoksan,2028211,10812,0.0,Music,2024
299,c`e solo l inter... a farci ridere,2136208,3379,1966.0,Sports,2007
300,"Jeopardy ""Who Is The Spiciest Memelord"" ORIGINAL",1434589,25484,432.0,People & Blogs,2017
301,–¢–∞–Ω–∫ –ê—Ä–º–∞—Ç–∞,3954302,4636,1033.0,Unknown,2015
302,"Pop Smoke - For The Night (Audio) ft. Lil Baby, DaBaby",2031584,129397,1329.0,Music,2020
303,"42 Dugg, Roddy Ricch - 4 Da Gang (Official Music Video)",466902,31895,658.0,Music,2021
304,Zooming in the 90s fixed,3490548,59814,296.0,People & Blogs,2018
305,German Shepherd scared of Stuffed Toy Tiger. Very Funny! (ORIGINAL VIDEO & VERSION)),5352751,6997,171.0,People & Blogs,2015
306,"This is a dollar, not a card",1144211,6389,132.0,People & Blogs,2017
307,Ayra Starr - Rush,17367547,272550,0.0,People & Blogs,2022
308,–°–µ–ª—Ñ—Ö–∞—Ä–º,3382541,114279,0.0,Music,2024
309,Tyla Yaweh - Stuntin' On You (Official Music Video) ft. DaBaby,2284537,86991,1164.0,Music,2020
310,Isadora Pompeo - Azeite (Ao Vivo),741351,18469,0.0,Music,2024
311,SHARK ATTACK - Don't touch the glass !!,2058082,7435,1067.0,People & Blogs,2014
312,Orangutan loves baby bump,5989058,4282,282.0,Music,2016
313,Happy Birthday Cody,734558,7194,191.0,Entertainment,2011
314,Arjan Vailly,5460189,64375,0.0,Music,2023
315,Struggling with a new Phone,1451235,16223,634.0,Entertainment,2017
316,Darell - Lollipop (Official Video),47154379,381348,0.0,Music,2023
317,A Needed Response,11622727,39804,1872.0,Unknown,2013
318,Police take advantage of a Drunk Girl,36311875,24016,4340.0,News & Politics,2008
319,Halle - In Your Hands (Official Video),3395853,257865,0.0,Music,2024
320,Shopping at Walmart GONE WRONG,21204579,2190931,0.0,People & Blogs,2024
321,perfekte welle,2337888,4430,174.0,Unknown,2005
322,–í–∏–≥–∞–¥–∞–≤,540094,10695,0.0,Music,2024
323,Geraldine Loves Star Wars,4291444,86656,984.0,Entertainment,2016
324,2017 04 12 Przejscie,1098005,7520,422.0,People & Blogs,2017
325,"Jay Wheeler, Mora - Textos Fr√≠os (Video Oficial)",13418225,213474,0.0,Music,2024
326,–ò–¥–µ—è  —Ñ–æ—Ç–æ—Å–µ—Å—Å–∏–∏ –¥–ª—è –Ω–æ–≤–æ—Ä–æ–∂–¥—ë–Ω–Ω–æ–≥–æ,53051362,1156874,0.0,People & Blogs,2024
327,Imagine,1852377,42090,0.0,Music,2024
328,Maddie Waiting for the Beat to Drop,9868674,68446,2692.0,People & Blogs,2017
329,Rels B - SI NO TE VEO (Audio),398259,46530,291.0,Music,2019
330,Bl√ºmchen (Blossom) - Herz an Herz,2257460,3800,199.0,Music,2006
331,Ice Spice - Deli,23262740,512173,0.0,Music,2023
332,Amazing talent in painting,66925468,1437116,0.0,People & Blogs,2024
333,–º–æ–∂–Ω–æ,368754,13587,0.0,Music,2024
334,Malty 2BZ - Black Side (Clip Officiel),288010,13130,0.0,People & Blogs,2022
335,Finally united again! Shot on ‚Äã‚Å†@insta360 X4 pilot below ‚Äã‚Å†@egorposokhin9187 #nike #justdoit,43054306,1001515,0.0,Sports,2024
336,"Dani Ribba, Tiago PZK - Cuando Me Ves (Official Video)",996589,171095,773.0,Music,2021
337,Girl In Car Flashes Her Bra & Then Crashes Into A Truck!,9884005,7891,2334.0,People & Blogs,2009
338,#enchantedkingdom #wackywizard #winner #philippines,54645951,2849748,0.0,Entertainment,2024
339,WTC in a perfect world,3476635,5982,2129.0,Film & Animation,2007
340,–ü—Ç–∏—Ü –∑–∞—Å–∞—Å—ã–≤–∞–µ—Ç –≤–º–µ—Å—Ç–µ —Å –∑–µ—Ä–Ω–æ–º –Ω–∞ —Ö–ª–µ–±–æ–∑–∞–≤–æ–¥–µ,3120409,21206,2663.0,People & Blogs,2016
341,westerland,5289591,8542,269.0,Unknown,2006
342,Funny Foul Shot Blooper,2540079,3507,93.0,Sports,2011
343,Cupid (Twin Ver.),13169224,255470,0.0,Music,2023
344,Nuovaluce Beauty Acne Device Kickstarter Video FDA Cleared www.nuovalucebeauty.com,498941,4783,182.0,People & Blogs,2017
345,"Darell - ""Caliente"" Live Performance | Vevo",240125,15630,143.0,Music,2019
346,Apple Engineer Talks About New 2016 Macbook Pro,2501055,36876,729.0,Science & Technology,2016
347,When your Amish town is frozen,512991,4645,135.0,People & Blogs,2018
348,Phoenix - Lisztomania - Boston University Brat Pack Mashup,3824693,15236,858.0,Unknown,2010
349,Parks and Recreation called it back in 2015. Cubs World Series 2016!,205257,1557,113.0,Travel & Events,2016
350,Dog scared by fart,5938416,3883,129.0,Comedy,2015
351,OfficialÈ´≠Áî∑dism - Subtitle [Official Video],22449034,240778,0.0,Music,2022
352,#Despacito with snoring - Despacito con ronquidos,2812994,18051,762.0,People & Blogs,2017
353,XQ Te Pones As√≠,3603275,73533,0.0,Music,2022
354,Squid Game - Round and Round Mingle (Marimba Ringtone),2926254,49820,0.0,Music,2024
355,Bro turned his pet bird into a boomerang #funny #shortsfeed #fyp„Ç∑„Çö #foryoushorts #foryoupage„Ç∑,25212564,1555534,0.0,People & Blogs,2024
356,Rema - HEHEHE (Official Music Video),2185009,47843,0.0,Music,2024
357,Skylar Blatt - Wake Up (Official Video) ft. Chris Brown,1294645,71774,0.0,Music,2024
358,Into You (ÎÑ§Í∞Ä ÎÇ¥ ÎßàÏùåÏóê ÏûêÎ¶¨ Ïû°ÏïòÎã§ (Into You)),2594431,22542,0.0,Music,2024
359,Amigos y Enemigos Almighty,1099456,8224,0.0,Music,2024
360,Funniest Arrest Ever ü§£ü§£,27078354,1754973,0.0,People & Blogs,2024
361,Lee Sin's great escape [Fixed!],1610253,9278,152.0,Gaming,2012
362,Could you do it faster?,112237591,3470844,0.0,Sports,2024
363,"Rels B, Morad - NO TE IMAGINAS",2930422,124350,2668.0,Unknown,2020
364,Let‚Äôs make more room! #fivestarchevrolet #electricvehicle #electrictruck #silveradoev #electriccar,63920647,2301216,0.0,People & Blogs,2024
365,iDubbbzTV Ganks His Streamer Girlfriend,2640646,44917,1219.0,People & Blogs,2017
366,Í∑∏ÎûòÏÑú Í∑∏ÎåÄÎäî,1830212,7770,0.0,Music,2024
367,Sarunas Jasikevicius talks about kids,1935028,19991,266.0,Sports,2017
368,Part 1 #sultan love ‚ù§Ô∏è,32679182,1455316,0.0,People & Blogs,2023
369,Whitetail Yearling Hung Up In Fence!!! #deer #fence,77810117,1343960,0.0,People & Blogs,2023
370,#joerogan #jre #cooking #steak,1709040,64601,0.0,Unknown,2023
371,Guasto D'Amore,872248,18162,0.0,Music,2023
372,–ö–æ–≥–¥–∞ —Ç–≤–æ–π —Ö—É–¥—à–∏–π –≤—Ä–∞–≥ - —ç—Ç–æ –∫–æ–≤–µ—Ä,2051016,18663,1807.0,People & Blogs,2017
373,"Darell, Brytiago - Velitas (Official Video)",283361,50452,371.0,Music,2019
374,Lloyiso - What I Would Say (Audio),567552,21821,0.0,Music,2022
375,PUNTO G,1263909,19125,0.0,Music,2023
376,Don't put accelerants on bonfires,831666,8625,449.0,People & Blogs,2017
377,Of Monsters And Men - Love Love Love,3474904,16311,170.0,Music,2010
378,"Moncho Chavea, Oscar El Ruso, Samueliyo Baby, Samuel G - PAM PAM",1590709,13425,0.0,Music,2024
379,Obsessed,665288,16489,0.0,Music,2024
380,"Jhay Cortez, J. Balvin, Bad Bunny - No Me Conoce (Remix)",2356628623,6622023,0.0,Music,2019
381,HOW TO GET IT - HYPNOTIQ FT. LIL WAYNE (PRODUCED BY SOUNDMASTER T),3040398,8936,17.0,Music,2016
382,Tom Cruise Scientology Video - ( Original UNCUT ),14240339,91156,18041.0,Entertainment,2008
383,RickRoll'D,78178105,318037,44953.0,Music,2007
384,Did TRUMP quote Bane from Batman?,1515396,23125,2080.0,Sports,2017
385,"Gerald Daugherty Campaign: ""Please Re-Elect Gerald...Please!""",3923892,6783,103.0,People & Blogs,2016
386,La ce te g√¢nde»ôti,875147,11957,0.0,Music,2023
387,SuperM - One (Monster & Infinity) (Live From The Ellen DeGeneres Show / 2020),515423,138534,459.0,Music,2020
388,Rally driver's killer reflexes,7261710,15509,685.0,Sports,2011
389,"Spinal Tap - ""These go to eleven....""",1880022,10651,160.0,Comedy,2011
390,If you watch this 100 times you'll still laugh !,45597951,97649,27835.0,Comedy,2008
391,Nice Fight - Cops vs Drug Dealer,17166129,12980,3713.0,Entertainment,2008
392,Leopard tank`s powerful brake  #trending #brake  #edit #tank #panzar #viralvideo #shorts,24984219,1209144,0.0,Autos & Vehicles,2025
393,How to Survive Hurricane Irma,1463561,42458,240.0,Pets & Animals,2017
394,The Grooms daughter leave him a message before her and her mummy walk down the aisle!,32084269,1966045,0.0,People & Blogs,2025
395,Otonoke,4056060,141806,0.0,Music,2024
396,Buffet,2751775,5401,342.0,Comedy,2016
397,Fresh Prince - If we so rich....,3974115,67527,617.0,Comedy,2010
398,–ö–ò–ï–í–°–¢–û–£–ù–ï–† –° –î–ï–í–û–ß–ö–ê–ú–ò –ù–ê –û–°–¢–†–û–í–ï!!!,1071363,10487,1446.0,People & Blogs,2018
399,Top 20. Soundtracks Of All Times!,3590248,2836,2542.0,Music,2007
400,#movie #paddington #shorts The food has improved!,21849049,1660511,0.0,People & Blogs,2024
401,Tom Holland performs Rihanna's Umbrella,387821,6496,100.0,Comedy,2017
402,Ben Kalbimin Orta Yerine Seni Yazdƒ±m,765423,4561,0.0,Music,2024
403,–í—Ä–∞—Ç–∞—Ä—å ¬´–¢—Ä–∞–∫—Ç–æ—Ä–∞¬ª —Å—Ç–∞–Ω—Ü–µ–≤–∞–ª –Ω–∞ –º–∞—Ç—á–µ –≤ –ø–æ–¥–¥–µ—Ä–∂–∫—É –ß–µ–º–ø–∏–æ–Ω–∞—Ç–∞ –†–æ—Å—Å–∏–∏ –ø–æ –§–∏–≥—É—Ä–Ω–æ–º—É –ö–∞—Ç–∞–Ω–∏—é,1071135,19613,634.0,People & Blogs,2016
404,ARTH 2 Theatrical Trailer | Arth The Destination Official Trailer 2017,1342169,8347,14.0,Entertainment,2017
405,Fox News idiocy.,1227176,5383,457.0,News & Politics,2017
406,Customer Fail!,4525935,8052,2288.0,People & Blogs,2016
407,This is what sauna sessions are ACTUALLY like. #workout #funny #comedy #training #fitness #sauna,21305425,1333855,0.0,Sports,2024
408,Ministry of Silly Walks,9558072,39783,1251.0,Comedy,2006
409,Girl blown by a plane,12255456,7725,745.0,Travel & Events,2012
410,Man kicks dog see how karma takes over,1352770,19291,2041.0,Pets & Animals,2017
411,"Pop Smoke - The Woo (Audio) ft. 50 Cent, Roddy Ricch",1614596,107447,878.0,Music,2020
412,"I carved the goddess Tomie into a small seal, I wonder if Junji Ito would like it #seal carving #han",37171532,2371909,0.0,People & Blogs,2024
413,He Passed! üòÇüòÇ #hub #goodkid #drums,21064755,1671791,0.0,People & Blogs,2024
414,porch hands,788325,1899,82.0,Film & Animation,2016
415,Polar bear petting dog,8058364,24707,1821.0,Entertainment,2016
416,Cats Welcoming Home Soldiers (parody video),2126930,1984,259.0,Comedy,2014
417,Headie One - Parlez-Vous Anglais (Official Video) ft. Aitch,321442,22017,287.0,Music,2020
418,I was in a wedding and smashed my face,1596447,6001,176.0,People & Blogs,2017
419,The emergency rescue dog is so awesome...cutepet,144116053,1759120,0.0,People & Blogs,2024
420,UFO-Doctor Doctor,1142679,4305,55.0,Music,2008
421,UP (KARINA Solo),22356411,285608,0.0,Music,2024
422,Dave Chappelle on Martin Lawrence and Hollywood Culture,1135513,6993,85.0,People & Blogs,2014
423,How to escape the cops,2758615,41548,420.0,Autos & Vehicles,2017
424,Ovechkin fight vs Columbus,908626,4112,376.0,Entertainment,2017
425,"Yes or No (Feat. ÌóàÏú§ÏßÑ of LE SSERAFIM, Crush) (Yes or No (Feat. ÌóàÏú§ÏßÑ of LE SSERAFIM,...",10642441,69340,0.0,Music,2024
426,How to Prevent Your Little One's Little Shenanigans üòÇüë∂,54076224,951512,0.0,Howto & Style,2025
427,Fat Bike caught on an Electric Fence!,3580228,13803,406.0,People & Blogs,2017
428,ProtoType gameplay,3128367,4724,605.0,Entertainment,2008
429,"Bandokay, LD - Too Many Lies (Official Video)",617358,25126,0.0,People & Blogs,2022
430,George Michael's Unfailing Internal Clock,2171746,46483,1237.0,Entertainment,2013
431,"Familiada - Imiƒô mƒôskie na literƒô O. (Oliwier, Oliwia)",969271,4668,204.0,People & Blogs,2017
432,–≤–Ω–µ–∑–∞–ø–Ω–æ,962437,2280,257.0,People & Blogs,2017
433,Playa Del Ingl√©s,600424,25977,0.0,Music,2022
434,Medy feat. Capo Plaza - Arai (Visualizer),1375195,25007,0.0,Music,2023
435,Encuentra POP Queso Cheddar.,21786732,7102,0.0,Unknown,2023
436,Good old days,1249801,10317,145.0,Gaming,2016
437,"Isabela Merced, Danna Paola - Don't Go (Official Music Video)",646472,73160,1189.0,Music,2020
438,Chroma Key test,7527125,41698,1547.0,Entertainment,2010
439,–ö–†–´–ú (–¢—Ä–µ–π–ª–µ—Ä –¥–ª—è –£–∫—Ä–∞–∏–Ω—ã),698153,10504,13998.0,People & Blogs,2017
440,Real Gunfighter Lance Thomas on Justic Files,1063456,6840,0.0,News & Politics,2009
441,Tak Ingin Usai,814482,6594,0.0,Music,2023
442,Rainbow Ï±ÖÍ∞àÌîº,653111,99003,174.0,Music,2021
443,2024Âπ¥5Êúà18Êó•,40866372,663059,0.0,People & Blogs,2024
444,Out of Context Joffrey Baratheon,950307,24429,358.0,Gaming,2015
445,I can feel it down in my plums....,1576942,4498,153.0,Comedy,2009
446,Big Fish - trailer,2126010,3046,119.0,Entertainment,2006
447,–º–µ—Ç–µ–æ—Ä–∏—Ç –•–∞–∫–∞—Å–∏—è 06 12 2016,1344770,8338,351.0,Autos & Vehicles,2016
448,Goat baby died.. üêê #wildlife #halloween #funny #comedy #cutebaby #birds #baby,44519481,917226,0.0,Autos & Vehicles,2023
449,"Flau'jae, Lil Wayne - Came Out A Beast (Official Music Video)",1677409,48173,0.0,Music,2024
450,Music Marketing & Promotion. Dominate Digital Mediums  [LaxPromotion.com],139374,8370,16.0,Film & Animation,2016
451,Hard For Me,409483,10531,82.0,Music,2020
452,Raisa - Nyaman Tak Cukup (Official Music Video),776133,24819,0.0,Music,2023
453,–ì–∏–º–Ω –£–∫—Ä–∞–∏–Ω—ã –ö—Ä—ã–º –Ø–ª—Ç–∞ 2K17,168698,1963,240.0,Nonprofits & Activism,2017
454,Best pirate I've ever seen,3531465,52196,407.0,Gaming,2018
455,Dog loves ticklish fringe,943385,8064,248.0,People & Blogs,2016
456,"Tommy Wiseau in The Room vs. James Franco in The Disaster Artist (""I did not hit her "" scene)",835947,7495,232.0,Film & Animation,2017
457,Oƒüuzhan Uƒüur Sunucunun Tezini √á√ºr√ºt√ºyor,1176753,16561,608.0,People & Blogs,2018
458,CNN (CLINTON NEWS NETWORK) TELLS VOTERS WHAT TO SAY,1179095,10499,575.0,People & Blogs,2016
459,buziak od pierwszego zatrzymania ;),1206080,11844,373.0,Sports,2018
460,Squid Game Challenge: Lee Jung-jae Edition! #squidgame #netflix #squidgame2 #leejungjae #shorts,25932476,952835,0.0,Entertainment,2025
461,√Ñlg i vak,2104408,8941,147.0,Pets & Animals,2017
462,Kingdom Hearts: Birth By Sleep (PSP) trailer [High Quality],4245757,14725,346.0,Entertainment,2007
463,"Alphabet lore,Colors #mixingcolors #alphabet #alphabetlore #24magicalcolors",76116304,915850,0.0,People & Blogs,2024
464,Blind Guardian - The Bard's Song,4160648,28826,257.0,Music,2006
465,–û—Ö–æ—Ç–Ω–∏—á–∏–π –∫–æ—Ç,670799,5378,3901.0,People & Blogs,2016
466,romeo n juliet (feat. youra),994313,15294,0.0,Music,2024
467,FINNEAS - Love is Pain (Official Music Video),291407,30204,106.0,Music,2021
468,–ú—ã –µ–¥–µ–º –≤ –∞–¥—É,942738,14706,1799.0,People & Blogs,2017
469,EPIC Drum Solo FAIL!,3865978,22231,900.0,Comedy,2011
470,42 Dugg - Maybach feat. Future (Official Music Video),1471860,64274,1040.0,Music,2021
471,3 steps to make a sandwich cookie #squishy #diycrafts #handmade #statisfying #cookies #fyp #foodie,66159027,911352,0.0,People & Blogs,2024
472,Dad faces some demons,1392971,12985,523.0,People & Blogs,2017
473,Kid singing Britney Spears scared to death by his mom,11940134,39480,2324.0,Comedy,2007
474,–ë—Ä—è–Ω—Å–∫ –ì–ò–ë–î–î VS –ê–¥–º–∏–Ω–∏—Å—Ç—Ä–∞—Ü–∏—è,1098298,15008,251.0,Nonprofits & Activism,2012
475,These cars did NOT want to stop üòÇ #funny #shorts #shortsfeed #protest #funnyshorts #fails #cars,45224482,1740579,0.0,Autos & Vehicles,2024
476,Why‚Äôd you join the military,19687834,1192318,0.0,People & Blogs,2024
477,VISTA AL MAR,1345609,13378,0.0,Music,2023
478,BBC Weatherman Caught Giving Middle Finger on Stage,510985,3000,156.0,News & Politics,2010
479,Tiakola - 200K (Visualizer),401231,12736,0.0,Music,2023
480,a shop for killers #kdrama #leedongwook #fyp„Ç∑ #shorts,36495668,2332258,0.0,Entertainment,2024
481,What happened with petrol ‚õΩÔ∏è theif?,80215970,699249,0.0,People & Blogs,2025
482,Tutorial For Wacky The Magic Worm #shorts,31500538,1211363,0.0,Entertainment,2023
483,Tutorial on how to float (new edit) #slickback #airwalk #viral #dance,23773994,1033660,0.0,People & Blogs,2023
484,–§–æ–∫—É—Å—ã –≤ –∞—Ä–º–∏–∏ (—Å –ø—é—Ä–µ—à–∫–æ–π) / Magic in Russian Army,1153666,22703,864.0,People & Blogs,2016
485,"‚òÉ Kid get's smacked by city plow driver ‚ùÑÔ∏è Belleville, Ontario",1257621,6113,2075.0,Nonprofits & Activism,2016
486,Cian Ducrot - I'll Be Waiting (Official Video),652326,17389,0.0,Music,2023
487,Even Sam Sulek struggled on this machine #arsenalstrength #samsulek #workoutmotivation #squat,21366880,1232670,0.0,Sports,2024
488,"Original Elias, Los Yakis, Big Lois - COCO",545770,6245,0.0,Music,2024
489,Today's child üíÄ #trollface #shorts,33321451,1976502,0.0,Entertainment,2025
490,[HQ AUDIO]Foo Fighters & Rick Astley - Never gonna give you up - Summer Sonic Tokyo 20th August 2017,1031393,12930,294.0,Music,2017
491,Don't bring a snowball to a water fight - Original Audio,2710968,25296,736.0,Comedy,2013
492,He's trying to take care of the baby like a new mom.#movie #shorts,15528635,1864520,0.0,People & Blogs,2024
493,"Pop Smoke - The Woo ft. 50 Cent, Roddy Ricch",2498904,210392,2664.0,Music,2020
494,Camera üôÉü§≠ | #shortsfeed #short #shorts #youtubeshorts #memes #memesvideo #memesdaily #meme,27417456,1636699,0.0,Science & Technology,2024
495,Rocky Balmoto,2218572,10869,1626.0,People & Blogs,2016
496,Girl stuck in the freezer,1313291,8876,916.0,People & Blogs,2016
497,Cƒ±stak x Ne,903229,5919,0.0,Music,2024
498,–ö—Ä–∞—Å–Ω–æ–¥–∞—Ä—Å–∫–∏–µ –ø—Ä–æ–±–∫–∏: –∞–∫—Ü–∏—è –ø–æ –±–æ—Ä—å–±–µ —Å –¥–µ–±–∏–ª—å–Ω—ã–º–∏ –Ω–∞–∫–ª–µ–π–∫–∞–º–∏. Inst nedobor,31346139,1114673,0.0,People & Blogs,2024
499,Lil Tjay - Hold On (Official Video),511397,51354,306.0,Music,2019
500,"R√°faga, Maria Becerra - Mentirosa Remix (Official Video)",4234200,95160,0.0,Music,2023
501,Checking reflexes in childrenüòÆ,16918143,1385894,0.0,People & Blogs,2024
502,"Raisa, Ahmad Dhani - Biar Menjadi Kenangan (Official Music Video)",879312,24831,0.0,Music,2023
503,–ë–æ–≥–∞—Ç–µ–∏ –Ω–∞ –ü–æ—Ä—à–µ –Ω–∞ –º–∏—Ç–∏–Ω–≥–µ –≤–∫–ª–∞–¥—á–∏–∫–æ–≤ –¢–§–ë,319543,5553,4557.0,News & Politics,2017
504,Vor dem Spiel Arminia vs Eintracht,604182,14665,1270.0,Sports,2017
505,Horse attacks alligator! Payne's prairie 4/12/17,2173396,2235,200.0,People & Blogs,2017
506,Âê≥ÈùíÂ≥∞ - Ôºà......ÂÇ¨Áú†Â§ßÂ∏´ÔºâÔºàfeat. Ma√Ætrise Saint-Marc - Les ChoristesÔºâ,729068,3681,0.0,Music,2022
507,Slime craft #diy #viralvideo  try it üòçüî•,50430588,676600,0.0,Howto & Style,2024
508,High School Musical 3 - Can I Have This Dance *OFFICIAL MUSIC VIDEO w/lyrics (HQ),25576382,23880,1691.0,Music,2008
509,LOTR cast make fun of Orlando Bloom,2756627,12934,195.0,Film & Animation,2011
510,How To Survive In A Snow Cave ‚ùÑÔ∏è (@OutdoorBoys),30879051,1986344,0.0,People & Blogs,2024
511,"–õ–∏–¥–µ—Ä –≤–µ–∂–ª–∏–≤—ã—Ö —Ñ–µ—Ä–º–µ—Ä–æ–≤ –æ –∫–æ–Ω—Ü–µ—Ä–Ω–µ ""–ü–æ–∫—Ä–æ–≤—Å–∫–∏–π""",815205,5214,1997.0,People & Blogs,2017
512,Girl honks at ship,12100810,69506,3924.0,Autos & Vehicles,2012
513,Confidence for a better voice #viralvideo #movie #funny #funny,21754025,1544265,0.0,People & Blogs,2025
514,Bobby,10522368,95471,1021.0,Film & Animation,2014
515,"Korea, the best dancer ever!!!",24082631,36946,13769.0,Entertainment,2007
516,The last touch‚Ä¶üé®,22664387,1301241,0.0,People & Blogs,2024
517,MTG Chihiro (Funk),1183327,28740,0.0,Music,2024
518,ABBA Dancing Queen 1976,20688870,22826,851.0,Music,2006
519,Jack Douglass' Acceptance Speech for Youtuber of the Year,1259028,58691,504.0,Gaming,2018
520,Sakeru Gum series „Åï„Åë„Çã„Ç∞„Éü #1-11 complete (Eng SUB),1698544,32679,265.0,People & Blogs,2018
521,basic instinct,6484622,1102,271.0,Entertainment,2006
522,Lil Nas X - Panini (Official Video),954626,270300,3971.0,Music,2019
523,The moment an old lady questions her own sanity,16672541,152493,2482.0,People & Blogs,2014
524,A Cheetah Cub Clings to Life After Being Saved from Drowning by Rescuers,21851552,1192524,0.0,People & Blogs,2024
525,Cats are weird,23514825,1466605,0.0,Music,2024
526,The chosen killer who stunned Blackie #thechosenson #shorts #movie #video,17844344,1839716,0.0,Film & Animation,2024
527,Rels B - BALADITA 2000‚Äôs (SIN MIRAR LAS SE√ëALES),518464,83260,400.0,Music,2019
528,Blue Angels Fly By,7980199,11170,417.0,Comedy,2015
529,—ç–∫—Å—Ç—Ä–µ–º–∞–ª—å–Ω—ã–π –≤–∑–ª–µ—Ç –≤ –ë–æ–¥–∞–π–±–æ.mp4,1891710,3389,109.0,Autos & Vehicles,2012
530,Blinker fluid prank,3472449,25739,1535.0,People & Blogs,2017
531,This Net Play Masterclass by Lee Chong Wei Will Blow Your Mind!,31973359,899396,0.0,Sports,2024
532,He is a real hero üëèüëèüëè#pump #patrol #cctv,77443625,2642399,0.0,People & Blogs,2024
533,Kitne speed se aaya kutta #dog #dogwithpublicsafety #ytviral #ytshortsindia #animals,59452071,1412843,0.0,People & Blogs,2025
534,"Coldplay covers Linkin Park's ""Crawling""",1034276,5518,468.0,Music,2017
535,Jim Carey - How Wealthy People Laugh,23125014,182299,4886.0,Film & Animation,2011
536,Look alike cam,21725763,1194176,0.0,People & Blogs,2024
537,turtle sneeze!,750279,11181,98.0,Pets & Animals,2013
538,Weakest Link (US) - Anne Robinson meets her match,2482872,18485,310.0,Entertainment,2008
539,Joffrey was right,1990733,22778,622.0,People & Blogs,2016
540,Anas - Dans mon monde (Clip officiel),434175,11063,125.0,Music,2018
541,Din Cauza Ta,692770,5164,0.0,Music,2022
542,Zeze,620100,6245,0.0,Music,2024
543,I‚Äôm Not an Alcoholic‚Ä¶,23482478,1108273,0.0,People & Blogs,2024
544,Philippe Poutou - On n'est pas touch√© (clip officiel de campagne √† la pr√©sidentielle 2017),502245,3060,950.0,Pets & Animals,2017
545,Sofia Castro - En Camara Lenta (Official Video),328442,41141,0.0,Music,2022
546,These white mouse passed her super fast! #shorts,29116331,775787,0.0,Entertainment,2024
547,If You Ask Me What Love Is,6299705,34472,0.0,Music,2024
548,University of Arizona v.s. UCLA Streaker Dressed as Referee 2011 ENTIRE VIDEO (ORIGINAL),2601392,3467,580.0,Entertainment,2011
549,Girl falls off stage while getting proposed to at dallas music festival ORIGINAL (part 1),322489,887,239.0,People & Blogs,2017
550,Streamer is virtually violated by a weird guy and his goon.,1420634,20629,453.0,People & Blogs,2016
551,Cute Golden retriever rescuing her teddy bear,2789609,12852,427.0,People & Blogs,2013
552,Time of my life - Trump ft. Clinton (Original),973508,9974,182.0,People & Blogs,2016
553,Creating Stunning Pencil Art with Wood Lathe #woodwork  #woodturning #woodworking #short,37457109,925871,0.0,People & Blogs,2024
554,Ryan Gosling - Epic Old Dancing Videos 1992,1694235,6734,210.0,People & Blogs,2015
555,Cat doesn't like Trump,1200385,4548,198.0,People & Blogs,2016
556,Real Boston Richey - Get In There (Official Music Video) ft. GloRilla,1114137,23446,0.0,Music,2024
557,POV: Our dad before we were born#pov #dads,26059678,1643512,0.0,Entertainment,2024
558,„Ç∑„Ç´Ëâ≤„Éá„Ç§„Ç∫,3434167,77663,0.0,Music,2024
559,"Eden Mu√±oz - Ni Te Conozco, Ni Me Saludes",412133,8911,0.0,Music,2024
560,White Bear Mitsubishi - Gopher Hockey Outtakes - White Bear On Ice,2998663,27492,262.0,Autos & Vehicles,2016
561,Jedna fotografija dnevno u najgoroj godini ≈æivota / One photo a day in the worst year of my life,61892792,32649,4045.0,People & Blogs,2013
562,√én golul tƒÉu,542909,11504,0.0,Music,2023
563,–î–µ–∫–∞–±—Ä—å—Å–∫–∏–π —Å–Ω–µ–≥,497351,6170,0.0,Music,2024
564,My dog and his extremely sour warhead.,3258081,37324,2328.0,People & Blogs,2016
565,Tems - Me & U (Official Video),6784272,192413,0.0,Music,2023
566,R√≥≈º,892763,13576,0.0,Music,2024
567,"Micha√´l Brun, John Legend, Rutshelle Guillaume - Safe (Audio)",336094,15568,0.0,Music,2024
568,"–ë–∞–ª–∞–∫–ª–µ—è, –•–∞—Ä—å–∫–æ–≤, –º–æ–º–µ–Ω—Ç –¥–µ—Ç–æ–Ω–∞—Ü–∏–∏",1941205,4907,197.0,People & Blogs,2017
569,The Usual Suspects Lineup HQ WS,2305124,13521,142.0,Entertainment,2009
570,Dashcam BMW crash,5666551,14735,1208.0,People & Blogs,2016
571,love nwantiti (feat. Dj Yo! & AX'EL) (Remix),1130967,44988,428.0,Music,2021
572,David Hasselhoff - Hooked on a Feeling,13848813,42810,4411.0,Music,2006
573,It Got Grandma!: Chimp at Zoo Throws Poo in Grandma's Face!,3975037,24800,1387.0,Pets & Animals,2017
574,American Terrorist Christopher Cantwell balls his eyes out,1283550,1966,5740.0,People & Blogs,2017
575,Jamie Fine - If Anything's Left (Lyric Video),400523,10743,0.0,Music,2023
576,Stephen Colbert 2011 Commencement Speech at Northwestern University,1142028,7520,105.0,Comedy,2011
577,"Jawsh 685, Jason Derulo, BTS - Savage Love (Laxed - Siren Beat) (BTS Remix - Visualizer)",709660,87291,785.0,Music,2020
578,A real loyal man ‚ù§Ô∏è‚Äçü©π #healthcore #relationship #happy,19027611,1530596,0.0,People & Blogs,2024
579,#cls63amgshootingbrake #car #drift #rage #funnyshorts,23285790,816334,0.0,Gaming,2024
580,25 —è–Ω–≤–∞—Ä—è 2017 –≥.,558189,6115,911.0,People & Blogs,2017
581,Lady Mi Amor,2862746,49983,0.0,Music,2022
582,Now United - Clockwork (Official Music Video),3608730,109252,0.0,Music,2022
583,This elevator zombie is the previous doctor#shorts #movie,18607898,1261246,0.0,People & Blogs,2025
584,–î–ï–í–û–ß–ö–ò –°–†–£–ë–ò–õ–ò –ö–£–ß–£ –ë–ê–ë–õ–ê,351093,10976,16261.0,People & Blogs,2017
585,Derrick Barry (Britney Spears) - America's Got Talent,5370442,12906,757.0,Entertainment,2008
586,Airport worker did not believe John Krasinski,18075959,1134783,0.0,People & Blogs,2024
587,#epicfail #funnyfelines #laughoutloud #viralvibes,41417471,1174662,0.0,People & Blogs,2023
588,Michele Morrone - Hard For Me (Official Music Video),968142,163555,681.0,Music,2020
589,Lighter (feat. KSI),208305,15523,287.0,Music,2020
590,Weather boi,2224078,40635,799.0,People & Blogs,2017
591,ÂêåÊãÖ‚òÜÊãíÂê¶ feat. „Å°„ÇÖ„Éº„Åü„ÇìÔºàCVÔºöÊó©Ë¶ãÊ≤ôÁπîÔºâÔºèHoneyWorks,1410014,54271,0.0,Music,2024
592,The Loud Machine,631383,7644,119.0,Comedy,2006
593,Jokes on you #foryoupage #viralshort  #crime #fyp,14630922,1310894,0.0,Gaming,2024
594,–ú–∏—Ç–∏–Ω–≥. –í–ª–∞–¥–∏–≤–æ—Å—Ç–æ–∫. –î–∏–º–æ–Ω. 26.03.2017,321696,5390,678.0,Gaming,2017
595,Carlsberg stunts with bikers in cinema,22426928,50810,806.0,Entertainment,2011
596,True Life: Saddest Moments from Suicide to Self Mutilation | MTV,735724,7205,519.0,Entertainment,2017
597,J.I. - Used To [Official Music Video],200427,22875,129.0,Music,2021
598,Driving lesson nearly ends badly,20021646,1086893,0.0,Comedy,2024
599,Skyrim SE - Do not be afraid,428627,8286,41.0,Gaming,2016
600,Andy Serkis as Gollum or Sm√©agol reading Trumps tweet's,618195,9948,607.0,News & Politics,2017
601,"morodo, la yerba del rey",5337381,5237,263.0,News & Politics,2007
602,that would have been one expensive crash #crash #bmw #automobile,32241025,1330959,0.0,People & Blogs,2024
603,Scummy Chef Tried Sabotaging A Blind Chef üíÄ,14011202,1394390,0.0,People & Blogs,2025
604,easy money fr ü§£ #edit #funny #comedy #wow #comedymemes #shortvideos,28383831,1252511,0.0,People & Blogs,2024
605,Why Bryan Cranston Took M*th...,15364626,1375652,0.0,People & Blogs,2025
606,Gruzi - Don't let me down,1089084,4492,91.0,Music,2017
607,Touch at Your Own Risk,2637024,3931,222.0,People & Blogs,2017
608,"Hippo Charge on Chobe River Jan2015, recorded with iPhone 6; Botswana, Awesome but crazy dangerous.",9735098,14563,773.0,People & Blogs,2015
609,Why do some people like to steer with one hand while driving? #car #cardriving,28686798,1157668,0.0,People & Blogs,2025
610,Sister Act 2 - Oh Happy Day,37730464,87538,1589.0,Music,2006
611,Bucket Bear better quality,4399693,2977,117.0,Pets & Animals,2014
612,Finch Frozen to Fence Rescue,3702696,25741,152.0,People & Blogs,2017
613,no one hates tom holland more than anthony mackie,3158893,58614,1222.0,People & Blogs,2018
614,Jay Wheeler - THROWBACK (Official Video),7790108,77637,0.0,Music,2023
615,Ralph Macchio edit ageüë∂,19559120,1335305,0.0,People & Blogs,2024
616,SDCC 2018 D23EXPO LEAK AVENGERS 4 TEASER TRAILER GUARDIANS AND THOR,902113,5250,16759.0,People & Blogs,2017
617,Wait for it...,1924931,26500,3728.0,People & Blogs,2016
618,Lan x Affetmem,457082,4583,0.0,Music,2024
619,Ìá¥ÏÇ¨Ìï† Îïå Îã®ÌÜ°Î∞©Ïóê Ïò¨Î¶¨Îäî ÏòÅÏÉÅ,2972255,47671,494.0,People & Blogs,2017
620,Nasƒ±lsƒ±n Ba≈ükan ?,553867,4827,0.0,Music,2024
621,Charging Fails  The Hilarious Struggles of Charging a Cybertruck #wtfdfw,24297022,1030221,0.0,Entertainment,2024
622,"Creepy NutsÔΩ¢OtonokeÔΩ£ √ó Anime""DAN DA DAN"" Collaboration Music Video",2425308,74657,0.0,Music,2024
623,Seleccion Argentina 2010 Waving Flag,1190356,2026,65.0,Sports,2009
624,Stupid peoplesüôÑ #shorts #motovlog #vlogger #viral #viralvideo #trending #trendingshorts #biker,23079124,1228011,0.0,People & Blogs,2023
625,1 Second of every  'It's Always Sunny In  Philadelphia' episode,1419216,47756,318.0,People & Blogs,2017
626,Evie's first sip of Coke,2098844,9508,1647.0,People & Blogs,2017
627,Salmo 121,414063,7236,0.0,Music,2024
628,Prison can chat through the toilet #happy #funny #movie #comedy,15073415,1732918,0.0,Film & Animation,2025
629,"Pop Smoke - Snitching (Audio) ft. Quavo, Future",3610348,109734,1470.0,Unknown,2020
630,Ottawa cyclist struck by car!,1379955,5540,262.0,People & Blogs,2017
631,Cat and Dog (a love story),2194640,1626,276.0,Pets & Animals,2007
632,"I P‚Äô ME, TU P‚Äô TE",1204656,26346,0.0,Music,2024
633,Kevin Hart and Dwayne Johnson weigh in on Colin Kaepernick's situation | The Undefeated Roundtable,398805,4592,626.0,Sports,2019
634,Gardening Skills,568023,9612,368.0,Comedy,2017
635,–ü—Ä–æ–Ω—å–∫–æ. –≠–∫–æ–Ω–æ–º–∏–∫–∞: –ù–∞–±–∏—É–ª–ª–∏–Ω–∞ –æ—Ç–≤–µ—Ç–∏–ª–∞ –Ω–∞ –≤–æ–ø—Ä–æ—Å—ã ¬´–¶–∞—Ä—å–≥—Ä–∞–¥–∞¬ª,1987411,10901,243.0,News & Politics,2017
636,"21 Lil Harold, 21 Savage - Ain't On None (Official Music Video)",403840,14597,0.0,Music,2023
637,Dexter Saves The Police Department | Dexter S6.E11,16188719,1103645,0.0,Film & Animation,2024
638,Releasing a stranded octopus and it thanked me,12029468,112065,3130.0,Pets & Animals,2013
639,Patrick Wasserziehr l√§sst seinen Kaffee umr√ºhren,1265446,9952,7681.0,People & Blogs,2017
640,Zapowied≈∫ pociƒÖgu,643936,7279,384.0,People & Blogs,2018
641,Emkal - Oublie-moi (Clip officiel),10903494,213459,0.0,Music,2022
642,Not Thanos and Tuco üòÇüòÇüò≠üíÄ #shorts #comedy #funny #breakingbad #avengers @AlternativeCutsStudios,15728978,1081525,0.0,Music,2024
643,counting to Jay-Z and back,544904,6743,281.0,Music,2017
644,BACILOS LA CARA DE LA LUNA,2142731,2971,89.0,Music,2008
645,Soweto,1082098,19231,0.0,Music,2023
646,#—Ñ–∏–ª—å–º #—Ñ–∏–ª—å–º—ã #–∫—É—Ö–Ω—è,24804822,1138048,0.0,People & Blogs,2023
647,Bird karma,1324926,24519,843.0,People & Blogs,2017
648,In Flames - Trigger,8393871,30145,709.0,Music,2006
649,"The Room - 'I Did Not Hit Her!' - 'Oh, Hi Mark!' - üçÜ See Film üëëTHE DIANA CLONE üåπon Amazon üë∏",2571193,20280,636.0,Comedy,2016
650,Amazing gifts for her birthday party ü•≥üéâ#diy #gift #happy #shorts #trending,90441750,1805257,0.0,People & Blogs,2024
651,"Bankroll Freddie, Megan Thee Stallion - Pop It (Official Video)",302530,18996,236.0,Music,2021
652,YOLUNDA BABA,284964,7021,0.0,Music,2023
653,A child with supernatural gift . Just watch him carefully.  #agt #americagottalent #globaltalent,84382366,1102512,0.0,People & Blogs,2024
654,Potter Payper - Love Me How,515123,11811,0.0,Music,2024
655,Z Beta,1503881,12867,0.0,Music,2025
656,This has got to be Rip‚Äôs unluckiest day ever.,14206642,1238400,0.0,Film & Animation,2024
657,Young Tmo x Mad Jim x Lil Bobey - The Race Freestyle,530196,6946,10.0,Entertainment,2017
658,Œ§Œø œÄŒøŒπŒø Œ±œÄŒØœÉœÑŒµœÖœÑŒø Œ≤ŒØŒΩœÑŒµŒø œÄŒøœÖ Œ≠œáŒµœÑŒµ Œ¥ŒµŒπ œÄŒøœÑŒ≠!!! The most INCREDIBLE VIDEO EVER !!! WWW.BYTHEWAY.GR,3360262,2084,3489.0,Sports,2008
659,Triste Verano,973986,37509,0.0,Music,2023
660,La Diabla,577246,17409,0.0,Music,2023
661,Drake's Security Oversteps Their Boundary,1294954,7216,913.0,Autos & Vehicles,2017
662,Mr Fish Finger With 309 Votes,417269,7019,129.0,People & Blogs,2017
663,Creative Labs Keyboard Drum Demonstration. The best keyboard drummer ever! Maybe best drummer ever!,717041,9017,69.0,Music,2009
664,This Dog Owner Faced Backlash for This...üëπ,15863260,1129831,0.0,Entertainment,2024
665,Pop Smoke - Something Special (Audio),1569123,62866,369.0,Unknown,2020
666,C‚Ä¢U‚Ä¢N‚Ä¢T‚Ä¢S ‚Ä¢ Game of Thrones ‚Ä¢ Season 7 Episode 6 Preview ‚Ä¢  Friends Parody,880221,24932,310.0,Comedy,2017
667,Mission Impossible: Toddler Edition,485603,5406,737.0,Comedy,2018
668,Pouring water down a 50 meter well.,669007,7414,343.0,People & Blogs,2018
669,Potter Payper - Nothing's Free ft. Suspect OTB,203115,9481,140.0,Music,2021
670,Supernova,27166456,123748,0.0,Music,2024
671,#memes #memesvideo,14283173,1197313,0.0,People & Blogs,2023
672,Eddy Court - Scoop & Boolin,116227,1011,5.0,Music,2017
673,Zebra Drowning a Lion,30475518,19766,2398.0,Autos & Vehicles,2009
674,66 year old Bodybuilder William Reed sees color for first time,2326852,32615,478.0,People & Blogs,2017
675,Now United - All Night Long (Official Music Video),3804144,65617,0.0,Music,2022
676,Red Suit || Official HD Video || Latest Punjabi Songs || RK Ramme,1080296,2237,61.0,Music,2017
677,Blueface - Finesse the Beat,3180097,106943,3722.0,Music,2020
678,"I didn‚Äôt choose this life, this life chose me #bodybuilding #gym",18112289,952915,0.0,Sports,2024
679,Parenting life hack to keep your kids busy!! ü§Ø,46180015,593735,0.0,People & Blogs,2024
680,When you and your mates go snow boarding for the first time.,793869,5953,230.0,People & Blogs,2018
681,"Lisa Simpson calls Donald Trump Presidency, Increased Debt",5099101,6432,350.0,Comedy,2011
682,POV: That cheater in game,16553568,1214495,0.0,Gaming,2024
683,R·∫•t chuy·ªÉn nghi·ªáp #giaitri #tienich #xuhuong #shorts #chau23__,42947771,839423,0.0,People & Blogs,2024
684,Calboy - Unjudge Me (Official Video) ft. Moneybagg Yo,490061,34054,329.0,Music,2019
685,Perfect Imitation Moment . . . #edit #trollface #troll,85711865,1807179,0.0,Entertainment,2025
686,Jeopardy: What is a threesome?,2838751,7651,126.0,Comedy,2011
687,It happens only in India !!!,3102872,10975,195.0,Entertainment,2011
688,Garth Brooks - The Dance - Kick Cancer's ASS!,3751723,2513,90.0,Entertainment,2014
689,JADE - Angel Of My Dreams (S.A.D. - Slow. Angelic. Dramatic. - Live Version) Official Video,1067157,83659,0.0,Music,2024
690,–¢–†–Ø–°–ò,270965,10722,0.0,Music,2024
691,This Mama Cat‚Äôs Reaction is Everything üò≠,17246448,1441967,0.0,Entertainment,2024
692,burgle HD,1186446,9731,1001.0,People & Blogs,2016
693,Ïò§Î•¥Í≥® Life Is Still Going On,556702,81813,158.0,Music,2021
694,Man destroys yellow jacket nest with bare hands ORIGINAL,1655964,9915,477.0,Comedy,2017
695,"KAMILLA - –ù–µ—Ç –ª—é–±–≤–∏ (–ü—Ä–µ–º—å–µ—Ä–∞ –∫–ª–∏–ø–∞, 2017)",1260133,3393,1468.0,People & Blogs,2017
696,"""get in the bag"" cat instantly regrets getting in the bag",2795415,66612,1292.0,People & Blogs,2017
697,Two passengers are leaving the toilet on a Virgin Atlantic flight #smilehighclub,2641134,22660,567.0,Travel & Events,2017
698,In the Halls of the Trumpen President,2287550,28020,546.0,People & Blogs,2016
699,Bruce Lee VS japanese school,22075523,25688,0.0,Film & Animation,2007
700,ScarLip feat. NLE Choppa - Blick (Official Remix Video),900283,52440,0.0,Music,2024
701,Why Track & Field‚Äôs False Start Rule is COMPLETELY Unfair,19424607,839852,0.0,People & Blogs,2024
702,I Hate When People Park Like This üòÇ #cars #car #bmw,29787729,1291117,0.0,Autos & Vehicles,2024
703,Mark Cuban beats Mr. Wonderful crazy offerü§Ø  #motivation #sharktank #success #entrepreneurship,24468234,1809984,0.0,People & Blogs,2024
704,Darell - Booty Call (Official Video) ft. Kevvo,2557146,72186,2173.0,Music,2020
705,Eurovision 2017 man shows his butt during Jamala performance,811441,9223,1350.0,Entertainment,2017
706,Ê≤ñÁ∏ÑÁúåË≠¶„ÄÅDQN„Çí„ÅØ„Å≠„Çã,724385,6920,810.0,People & Blogs,2017
707,Sauce Boy Freestyle 5,199045,21827,114.0,Music,2021
708,–°—É–ø–µ—Ä –≥–µ—Ä–æ–∏ —Å–µ—Ä–≤–∏—Å–∞ Nissan ‚Äî –¢–∞–π—Ä–æ,1921703,2947,1776.0,People & Blogs,2017
709,Anas - Hania (Clip Officiel),1202172,58062,2680.0,Music,2021
710,Deaf car sees its owner and its very cute #catlover #cutecat #cuteanimals #shorts,14444985,1454036,0.0,People & Blogs,2024
711,Brandon Lake - Hard Fought Hallelujah (Music Video),2021897,76556,0.0,Music,2024
712,A Nossa Praia √© Amar,1709183,10466,0.0,Music,2025
713,Dogs Charge Police Officer Meridian Idaho David Gomez,2271314,11303,261.0,Nonprofits & Activism,2016
714,The Most Loving Cat In The World,3411990,4751,74.0,People & Blogs,2015
715,Russian daughter congratulates Trump / –†—É—Å—Å–∫–∞—è –¥–æ—á–∫–∞ –ø–æ–∑–¥—Ä–∞–≤–ª—è–µ—Ç –¢—Ä–∞–º–ø–∞,2724785,30679,10830.0,People & Blogs,2016
716,ÂêåÂ©ö_ÈáãÊò≠ÊÖßÊ≥ïÂ∏´vsÂü∫Áù£Êïô 20161124,354206,5280,347.0,News & Politics,2016
717,Feel It,389735,6511,59.0,Music,2020
718,Moje Bivse Zene,778990,5105,0.0,Music,2022
719,Snow day in Raleigh,986365,8312,533.0,People & Blogs,2017
720,Violet Chachki Fall Reveal,622111,6471,66.0,People & Blogs,2015
721,Sharon stops a Koala fight in Portland.,1280718,16379,1085.0,People & Blogs,2017
722,Killing spawn peekers can be hard sometimes,700441,12116,108.0,People & Blogs,2017
723,Chopsticks!!!,1329624,9922,233.0,Music,2006
724,–ó–µ–º–ª–µ—Ç—Ä—è—Å–µ–Ω–∏–µ –Ω–∞ –ë–∞–π–∫–∞–ª–µ 16.03.2018,433395,5946,1739.0,People & Blogs,2018
725,"Rels B, Duki - OTRO CHEKE (Audio) ft. The Rudeboyz",246789,29114,238.0,Music,2019
726,Camilo - La Dif√≠cil (Official Video),693000,178942,1788.0,Music,2019
727,Mertesacker felt for Cringe Handshake !!,391066,4959,2233.0,Comedy,2017
728,Grand Theft Cow,6571983,56442,0.0,Comedy,2017
729,Homer At Shooting Range  #thesimpsons #simpsons #shorts,14496147,1160739,0.0,Film & Animation,2024
730,The way he trusted her blindly #trending #aesthetic #shorts #song #kdrama #cdrama #rose_petal_edits,18769406,1239163,0.0,People & Blogs,2024
731,#foryou,15614840,935562,0.0,Gaming,2024
732,Heureuse,242058,7174,0.0,Music,2025
733,Are you ready for this?,1201197,10359,644.0,People & Blogs,2017
734,Zivot Skup,1813081,10912,0.0,Music,2022
735,#starman #starmanmeme #superman,26625824,1240004,0.0,Entertainment,2024
736,Tim Bengel Sand Artist Hoax,626922,7443,1844.0,News & Politics,2017
737,I AM THE LAW!,1001145,4766,59.0,Comedy,2009
738,Only,879027,6045,0.0,Music,2024
739,Vitalik Buterin: This is time to go all in. Ethereum will hit $13K in the end of Month. ETH News!,1861646,22354,332.0,Unknown,2021
740,8 Rules of Fight Club Trailer,1352408,2752,97.0,Entertainment,2006
741,Cat Burns - live more & love more (lyric video),1976635,61195,0.0,Music,2023
742,Safety always first #trucker #flatbed #truckdriver,26230966,715384,0.0,People & Blogs,2024
743,Trap /tuzak #bushcraft #survival #outdoors #trap #traps,31706632,626793,0.0,People & Blogs,2023
744,I built a hidden and strange shelter inside a big rock. A safe and comfortable shelter|#shorts,25768817,592990,0.0,Entertainment,2025
745,Dog Saves Deer... Good Boy Storm,1591632,5595,207.0,Education,2017
746,Smartest Police Dog Ever!,3818260,2410,29.0,People & Blogs,2009
747,Î∞ïÍ∑ºÌòú ÎåÄÌÜµÎ†π 'ÎåÄÍµ≠ÎØº Îã¥Ìôî'Ïùò Ïû¨Íµ¨ÏÑ±,1123430,5094,298.0,News & Politics,2016
748,Massimo Pericolo - Straniero (Visual Video) ft. Tedua,500396,9717,0.0,Music,2023
749,Gotta make sure we are giving the best service,49741957,433295,0.0,People & Blogs,2023
750,Impossible By Rukby Graund Match üòÆüòÆüòÆll,34003889,877636,0.0,People & Blogs,2024
751,"The moment their soul said, 'I'm out!' üòÇ",13129999,1122799,0.0,Entertainment,2024
752,Do something new #trending #food #siblings #viralvideo #recipe,30519326,564333,0.0,Comedy,2024
753,baby playing in mother's womb !!!!!,5806522,2810,101.0,Entertainment,2010
754,WLIIA: Best Questions Only Game Ever!,1778902,14882,215.0,People & Blogs,2013
755,V'OLGA - –õ–û–í–ò–õ–ê,1136235,2735,756.0,People & Blogs,2017
756,"faire grossir sa poitrine, ses seins how to make big tits boobs",2271592,2923,215.0,Film & Animation,2011
757,Rube BeauBerg Experiment,338078,6506,484.0,Education,2012
758,Not all Hero‚Äôs Wears Capes üòÇü¶∏‚ù§Ô∏è ü™ß,19436811,1332889,0.0,Sports,2024
759,G√©n√©rique de Fin - Nouvelle √âcole,270628,5414,0.0,Music,2024
760,I bet this music video was so fun to make #edit #billieeilish #fyp„Ç∑„Çö #music #hmhas #viral #shorts,16653075,1141116,0.0,People & Blogs,2024
761,ŸÖŸáÿ±ÿ¨ÿßŸÜ ÿ®ÿ±ŸäÿØÿ© ŸÑŸÑÿ™ŸÖŸàÿ± 1438 Ÿáÿ¨ÿ±Ÿäÿ©,158842,1590,490.0,People & Blogs,2017
762,–¢–æ—Å–Ω–µ–Ω—Å–∫–∏–π —à—Ç–∞–± –æ –∑–∞–∫—Ä—ã—Ç–∏–∏. –û–±—Ä–∞—â–µ–Ω–∏–µ –∫ –ù–∞–≤–∞–ª—å–Ω–æ–º—É.,430346,3205,16467.0,People & Blogs,2018
763,AmagezaGautengSavingCalf_Short,2433717,22638,104.0,Sports,2011
764,–ö”©–∑–º–æ–Ω—à–∞“ì—ã–º (Remix),852325,2558,0.0,Music,2022
765,Bana Sor,558671,3650,0.0,Music,2024
766,When your best friend suddenly leaves you #edit #movie,36598926,2339481,0.0,People & Blogs,2024
767,Yapmaya Devam Edeyim,2144646,21309,0.0,Music,2025
768,Fake lenovo subwoofer,896059,2624,93.0,Comedy,2013
769,Hans Zimmer - Black Hawk Down (Main Theme),18846951,57057,1006.0,Film & Animation,2008
770,Stravinsky Firebird SCREAM,2286142,14263,151.0,Entertainment,2017
771,Wasp cuts bee in half,900753,4414,3987.0,People & Blogs,2013
772,Supermoto Trailer Jump - Real Life GTA,937049,4957,268.0,People & Blogs,2018
773,VTEC SOUND,1439814,2379,110.0,Autos & Vehicles,2006
774,Superman goes to the gym üòÜ #clark #clarkkent #superman #dc #dceu #comic,23074332,1096922,0.0,Entertainment,2024
775,Service station attempted robbery,346486,433,8.0,People & Blogs,2016
776,Biometrids Decentralised and Anonymous ID by Facial Recognition,44939,6760,81.0,Science & Technology,2018
777,Grandma falls into crib,5198725,3233,640.0,People & Blogs,2016
778,Surmeet Mayyar - Destiny|Captab Music|New punjabi,1210006,5561,39.0,Music,2016
779,Ricordi,1563266,37543,0.0,Music,2022
780,Tyler1 screams as loud as he can but it's vocoded to gangsta's paradise,6892417,326670,0.0,Entertainment,2021
781,Raisa - Tak Berharap Lagi (Official Lyric Video),640395,23800,0.0,Music,2023
782,ÂàùÊÅã„Ç≠„É©„Éº,2408648,70467,0.0,Music,2024
783,How Japan Builds Without Nails,21240627,865214,0.0,People & Blogs,2024
784,Whiplash,26339205,125508,0.0,Music,2024
785,Lawyer shoots at innocent homeless man#movie #shorts #film,15675902,1204273,0.0,People & Blogs,2024
786,Rubi de #LosXvdeRubi abucheada en los Premios MTV Miaw 2017,601433,2164,524.0,People & Blogs,2017
787,„ÄêÊúÄÂá∂„ÄëÊù±Êµ∑„Ç™„É≥„Ç®„Ç¢„ÅØ„ÇÜ„ÇÅ„Åæ„Çã„Åå‰∏ÄÁï™„ÄÅÂ§©ÊâçË™¨„Åß„Åî„Çè„Åô„ÄÇ,1146538,8217,1793.0,People & Blogs,2018
788,Borat - Throw the Jew Down the Well!!,14780300,113914,5175.0,Unknown,2006
789,Tunak Tunak Tun sped up every time they say Tunak,4545880,80858,2766.0,People & Blogs,2016
790,"Red Hot Chili Peppers "" Californication "" ( LIVE )",1318163,4440,74.0,Music,2008
791,Chuck Norris stops a chainsaw bare handed,6511349,56317,1872.0,Howto & Style,2011
792,"""–ü–û–ñ–ò–†–ê–¢–ï–õ–¨"" –§–∏–ª—å–º –æ –∫–æ—Ä—Ä—É–ø—Ü–∏–æ–Ω–Ω—ã—Ö –¥–µ–π—Å—Ç–≤–∏—è—Ö –û–ª–µ–≥–∞ –°–æ—Ä–æ–∫–∏–Ω–∞ –≤ –ù–∏–∂–Ω–µ–º –ù–æ–≤–≥–æ—Ä–æ–¥–µ",1163542,33531,178.0,News & Politics,2017
793,No i‚Äôm sorry for not noticing the disease quick enough‚Ä¶,16057914,837794,0.0,People & Blogs,2024
794,–°–∏–¥–∏—Ç —Å–µ–±–µ —Ç–∞–∫–æ–π —Å—Ç–∞—Ä–µ—é—â–∏–π –°–µ—Ä—ë–∂–∞... (–¢–∞—Ä—É—Ç–∞ –º—É–ª—å—Ç–∏–∫),1020604,1123,9.0,People & Blogs,2017
795,canon,1151211,3600,303.0,Music,2006
796,The JAWS OF DEATH AROUND ME my story,15694317,2156,16530.0,Pets & Animals,2007
797,Tra Tra Tra,2663550,734,212.0,Comedy,2007
798,Unknown T - Who said drill‚Äôs dead? (Freestyle),709147,38689,0.0,Music,2022
799,Chris Gayle batting‚ò†Ô∏èüî•üóø #cricket #chrisgayle #icc #viral #shortsfeed #shorts #video #trending,21451498,889235,0.0,People & Blogs,2025
800,Dana RECRUITS A Guy From The Crowd ü´° #ufc308,15310782,870625,0.0,People & Blogs,2024
801,Delaware Linemen Help Get The Power On in Puerto Rico,330993,5766,270.0,People & Blogs,2018
802,Sparks - The Girl Is Crying In Her Latte (Official Video) - Starring Cate Blanchett,370731,13803,0.0,Music,2023
803,INSANE team USA sport stacking relay (üé•: @PeterFord) #sportstacking #speedstacking #cupstacking,19921710,1571341,0.0,Sports,2024
804,–î–∞–º–±–ª–¥–æ—Ä –ø—Ä–æ–≥–Ω–∞–ª –í–æ–ª–∞–Ω-–¥–µ-–ú–æ—Ä—Ç–∞ –∏–∑ —ç–ª–µ–∫—Ç—Ä–∏—á–∫–∏,907268,28505,990.0,People & Blogs,2016
805,The Carlton Dance,21982633,125259,1804.0,Comedy,2006
806,Do you know what movie this is?,14277121,1400411,0.0,Film & Animation,2024
807,Share with a friend or tag a friend who would look breathtaking in this gown! To order this radiant,31427489,1979492,0.0,People & Blogs,2024
808,Girl falls from rock climbing but her mother lets ho of rope üò≠üò≠üò≠#movieclips #aftereffects #edit,21932706,1552430,0.0,People & Blogs,2025
809,How to accidentally discharge your pistol properly.,1075334,11324,327.0,People & Blogs,2016
810,Beijing Airpocalypse Arrival,1237586,1923,438.0,People & Blogs,2017
811,Flying Scotsman,2104858,17604,942.0,Film & Animation,2017
812,Lip Dub - Flagpole Sitta by Harvey Danger,431602,3425,85.0,Music,2007
813,SDM - Jacquemus Bag,451739,14360,0.0,Music,2023
814,Jimmy came to the store to buy cough medicine for his baby #funny #baby #funnyshorts #shorts,20123045,1727015,0.0,Film & Animation,2024
815,Nope,2804741,14656,1512.0,Pets & Animals,2017
816,Guy dresses up as dog's favorite toy ORIGINAL,34208522,1134285,6964.0,Entertainment,2016
817,"Nanpa B√°sico, Lia Kali - Peor Que La Polic√≠a (Official Video)",447102,15919,0.0,Music,2024
818,Thought I was getting a different gay üò≠ she still girly üíÖ,14001838,1099155,0.0,People & Blogs,2024
819,"how to plaster professional craftsmen, quickly and neatly...",63795366,651174,0.0,Science & Technology,2025
820,Kelly Clarkson - Stronger (lyrics + deutsche √úbersetzung),2264728,4545,126.0,Music,2012
821,–ò –∫–∞–∫ —ç—Ç–æ –Ω–∞–∑—ã–≤–∞–µ—Ç—Å—è?,545044,1706,3138.0,People & Blogs,2016
822,skyrim irl,4445069,201482,2141.0,Gaming,2017
823,mike mo 12 yrs old,899520,2384,189.0,Sports,2008
824,–°–∞—è–Ω—Å–∫–∏–π –º–µ—Ç–µ–æ—Ä–∏—Ç.,701308,2013,3013.0,People & Blogs,2016
825,SWIPE,770209,16265,0.0,Music,2022
826,"Definition of ""I got you""ü•π. #love #wedding #usa #phillipines #canada",16320783,879622,0.0,People & Blogs,2024
827,nayt - Certe bugie (official video),259293,13901,0.0,Music,2024
828,Pop Smoke - Gangstas,6522744,127566,1390.0,Unknown,2020
829,"Silicon Valley S01E08 Dick Joke ""Mean Jerk Time"" (Full)",743586,4314,129.0,Film & Animation,2014
830,Jessie J 'Domino' [HIT SINGLE] Official Lyric Video + Single Cover (Full Song),14378553,29600,779.0,Unknown,2011
831,Penn State Dad Surprised with Rose Bowl Tickets,886251,13187,338.0,People & Blogs,2016
832,"Kitty Corliss ""Grinding the Crack""",7165556,47671,866.0,Pets & Animals,2011
833,Review of Freightliner Engine goes off the rails,779448,10343,258.0,Autos & Vehicles,2016
834,HAY LUPITA,742351,8461,0.0,Music,2024
835,The last thing my Nest cam saw...,1103324,2863,3111.0,Comedy,2017
836,Alicia Keys How to Save A Life (the Fray Cover) Radio One Live Lounge,974519,1532,803.0,Music,2009
837,Billie Jean (Live),1240220,3198,67.0,Entertainment,2006
838,love üíñ #youtubeshorts #love #aesthetic #shorts,14461382,1421219,0.0,People & Blogs,2023
839,So much love in this shorts #shorts #cat #catlover,13626618,1081306,0.0,Pets & Animals,2024
840,You fall asleep at your workstation and your boss has to use forced boot up #usa #funny #usacats,15105139,965594,0.0,People & Blogs,2024
841,Makes my heart happy üòÑ #foryou #motorcycle #motorbike #motorcyclelife #biker,10998377,1293220,0.0,People & Blogs,2024
842,Best reactions after anesthesia üòÇ,12761890,998047,0.0,Entertainment,2024
843,JD Pantoja - Idiota (Official Video),2914712,516071,18824.0,Music,2020
844,Lola and Annie - Road Trip Karaoke,7095244,4677,200.0,Comedy,2017
845,Mous-K - On part √† la guerre (Clip officiel) ft. Bosh,185963,8778,134.0,Music,2020
846,Curb Your Middle Finger,2148818,102656,0.0,People & Blogs,2020
847,Âê≥ÈùíÂ≥∞ - Ôºà‚Ä¶‚Ä¶Â∞èÁéãÂ≠êÔºâÔºàfeat. Â§ßÊ©ã‰∏âÈáçÂî±Ôºâ,758113,2955,0.0,Music,2022
848,"""I'm Walking Here!""  #fyp #meme #memes #humor",26881199,2062268,0.0,Music,2024
849,Isadora Pompeo - Can√ß√£o de Paulo (Ao Vivo),717671,18144,0.0,Music,2024
850,Ferrari car ‡§ï‡•á ‡§∂‡•Ä‡§∂‡•á ‡§™‡§∞ ‡§ï‡§Æ‡§æ‡§≤ ‡§ï‡•Ä artistry üé®üñåÔ∏è#viralart #trending #ferrari,20062971,653512,0.0,People & Blogs,2024
851,Easily solve the target and leave in peace. #shorts  #show,19371062,838752,0.0,Film & Animation,2024
852,"Preme - DnF (Explicit) ft. Drake, Future",49668132,255859,9673.0,Music,2014
853,Brilliant Earth Diamond Jewelry ‚Äì Real Customer Stories,1077105,5070,257.0,Education,2017
854,–ì—Ä–∞–¥ –≤ –ü–∏—Ç–µ—Ä–µ 22.07.17! –ú–æ—Å–∫–æ–≤—Å–∫–∏–µ –≤–æ—Ä–æ—Ç–∞.,529555,2955,225.0,People & Blogs,2017
855,"Camilo, Shakira, Pedro Cap√≥ - Tutu (Remix - Audio)",503155,96284,4974.0,Music,2019
856,Smart German Shepherd:  Twitch Letting Sophie Out of Her Kennel,9071139,6457,432.0,Pets & Animals,2012
857,Show,2155636,47683,0.0,Music,2023
858,#ŸÅÿ∑ÿßÿ¶ÿ± #ŸÖÿπÿ¨ŸÜÿßÿ™ üçÉ,58370684,588412,0.0,People & Blogs,2024
859,Polo G - Martin & Gina (Official Video),1574335,169603,1339.0,Music,2020
860,–†–∞–∑–≤–æ–¥ –Ω–∞ –ª–æ–∂–∫—É –æ—Ç –≤–æ—Ä–æ–Ω—ã,2215297,27798,1265.0,People & Blogs,2017
861,"Children Of Bodom - ""In Your Face""",10945662,44450,1852.0,Music,2006
862,Trump in Home Alone 2,7876999,34035,2069.0,Entertainment,2012
863,OPETTAJA SERVAA OPPILAAN,612669,8823,283.0,Entertainment,2016
864,tinker bell dies of lack of attention,1680831,117780,0.0,People & Blogs,2021
865,The good driver indicators meaning #viralvideo #suzukilovers #offroad #viralshort,21897113,932948,0.0,People & Blogs,2024
866,Do you agree with this mom‚Äôs philosophy of education? #shortvideo #shorts #freshofftheboat,14506851,1113348,0.0,Film & Animation,2024
867,–ü–∞–¥–µ–Ω–∏–µ –º–µ—Ç–µ–æ—Ä–∏—Ç–∞ –≤ –°–∞–Ω–∫—Ç-–ü–µ—Ç–µ—Ä–±—É—Ä–≥–µ,508176,1862,1241.0,Film & Animation,2017
868,FINNEAS - Only A Lifetime (Official Music Video),427585,42373,0.0,Music,2021
869,Heaven - DJ Sammy Remix,11370933,21100,0.0,Music,2006
870,"Gazo, Tiakola - 24/34 (Visualizer)",162492,10509,0.0,Music,2023
871,Beautiful Things,9648080,223242,0.0,Music,2024
872,Coraz√≥n de Piedra,8259656,163715,0.0,Music,2024
873,Jƒôdrzej√≥w 26 wrzesie≈Ñ 2017r strze≈ºony przejazd kolejowy...,509539,2706,159.0,Music,2017
874,Fernanda Brum - Onde o Fogo N√£o Apaga (Ao Vivo),803755,29015,0.0,Music,2023
875,Nkantin,376165,6886,0.0,Music,2022
876,Bro drove home with no music on after that ü§£ #automobile #funny #forzahorizon5 #viralvideo,13131658,1111183,0.0,Autos & Vehicles,2024
877,Metallica-Fade To Black,35496234,88736,2442.0,Music,2006
878,Keg tapping goes horribly wrong.,751804,3427,313.0,Entertainment,2017
879,Lil Tjay - 20/20 (Official Audio),716183,77596,318.0,Music,2020
880,David Cook and David Archuleta Guitar Hero Commercials!,2911092,8025,495.0,Entertainment,2008
881,KIKESA - √Ä ma place (Clip Officiel),140480,12693,116.0,Music,2021
882,"Be√©le, Farruko - Santorini (Official Video)",7986386,123233,0.0,Music,2023
883,Babyface Ray - Count Money (Official Video) ft. Bossman Dlow,753428,27421,0.0,Music,2024
884,Dad and son love ‚ù§Ô∏è#love #cute #trendingshorts#viralvideo #viralshort #trending #trend#viralreels,21114813,1299490,0.0,People & Blogs,2024
885,attento a chi segui...,21782579,747033,0.0,People & Blogs,2024
886,Mii Channel Theme Band Prank,541067,8480,85.0,People & Blogs,2018
887,The best gymnastics of the world 1,1998858,1783,292.0,Sports,2007
888,"Behind Bars in Mumbai's Train, India üáÆüá≥",14037660,906485,0.0,People & Blogs,2023
889,Modern technology Gate In Market Available  #home  #interiordesign  #homedecor  #realestate,32574963,606165,0.0,Entertainment,2024
890,Director Explains the STUNTS in HOME ALONE #homealone #behindthescene,14392476,855048,0.0,Film & Animation,2024
891,Amore Mio,366026,7119,0.0,Music,2024
892,Cute couple #couple #cute #goals #relationship #pretty #viral #trending #kdrama #kpop #meme #memes,12557924,1090648,0.0,Gaming,2024
893,Stephen Colbert's wife cameo at her husband's Late Show!,3791687,25323,764.0,Comedy,2017
894,Foo Fighters x Rick Astley - Never Gonna Give You Up (Live @ Summer Sonic Festival 2017),2129145,19690,556.0,People & Blogs,2017
895,(THE ORIGINAL FIRST VIDEO) Hidden inappropriate drawing in Maya the Bee!,661841,1657,420.0,People & Blogs,2017
896,TwoGrandFA,770826,4131,85.0,People & Blogs,2017
897,"Neima Ezza, Simba La Rue, Nko - Spedizione punitiva (Official Video)",1788002,15485,0.0,Music,2023
898,Jay Wheeler - Historia (Official Video),8190012,55707,0.0,Music,2024
899,Policjant i pieszy Pozna≈Ñ ul:G≈Çogowska,621790,6221,240.0,Autos & Vehicles,2017
900,Donald Trump's shooter be like:,17386265,791687,0.0,Entertainment,2024
901,Expect the Unexpected  #meme #starmanmeme #starman,17657367,960306,0.0,Entertainment,2024
902,Tir d‚Äôun gros m√¢le qui charge !! #sanglier #wildboar #chasse #hunting #keiler #shoot,23024346,758367,0.0,People & Blogs,2024
903,Irie Maffia: Hands In The Air,1944899,5590,107.0,Music,2008
904,What happens when you surprise your BF with a boxer puppy?,681624,3157,36.0,People & Blogs,2013
905,–ù–ï –ü–û–í–ï–ó–õ–û - UNLUCKY,14921437,3604,1225.0,Comedy,2009
906,This is how Geert Wilders should be interviewed. For sure Dutch media can learn something from BBC,869249,5545,1970.0,People & Blogs,2017
907,–®–Ω—É—Ä - –ñ–µ—Å—Ç–æ–∫–æ–µ –∏–Ω—Ç–µ—Ä–≤—å—é,4821385,22694,2233.0,Entertainment,2007
908,mbc Í∏∞ÏûêÎì§Ïùò Íµ¥Ïöï...,957326,3457,301.0,Nonprofits & Activism,2016
909,Triple Towel vs Lover's Blanket #couple #shorts #diy,20413374,570322,0.0,People & Blogs,2024
910,She forgot about her wedding anniversaryüòÖüò≥,13177128,943731,0.0,People & Blogs,2024
911,"Chino Pacas - ""Morena Canela"" (Performance Video) (Official)",9117159,72130,0.0,Music,2024
912,Streamer‚Äôs Wholesome Reaction To Fan‚Äôs Heartbreaking Storyü•π #shorts,26100905,2061254,0.0,People & Blogs,2024
913,Î∞ïÍ∑ºÌòú ÎåÄÌÜµÎ†π ÌÉÑÌïµÏïà Í∞ÄÍ≤∞!!Ïã§ÏãúÍ∞Ñ Ïñ¥Îäê Í≥†Îì±ÌïôÍµêÏùò Ìè≠Î∞úÏ†ÅÏù∏ Î∞òÏùë!!!(Korea high schoolers react to the impeachment of president.),1703647,15176,552.0,People & Blogs,2016
914,Boomerang,3050764,3939,290.0,Comedy,2005
915,„Äê100‰∏áÂÜçÁîüÂõûÊï∞ÈÅîÊàê„Äë‚òÖÂ§ßÈò™‰∫∫Ê∞ó„Éä„É≥„Éê„Éº„ÉØ„É≥„ÅÆ„Ç®„Çπ„ÉÜ„Çµ„É≠„É≥‚òÖ1ÂàÜÈñì„Éù„É≥„Éù„É≥„Åô„Çã„Å†„Åë„ÅßÁ©∂Ê•µ„É™„Éï„Éà„Ç¢„ÉÉ„Éó,1017738,3326,2277.0,People & Blogs,2017
916,MARIA MARIAH VOC√ä N√ÉO SAI DA MINHA CABE√áA (Clipe Oficial),1820996,15209,0.0,Music,2024
917,"140"" Bushmaster tail dip",24788576,736584,0.0,People & Blogs,2024
918,Importance of hand signals while overtaking in ghats and foggy areas. #ridesafe #handsignals #bike,22826019,815933,0.0,People & Blogs,2024
919,üëÇüëÇü´° #ÿßŸÉÿ≥ÿ®ŸÑŸàÿ± #funny #cat #ÿ∂ÿ≠ŸÉ #memes #ÿØŸàŸäÿ™Ÿà #ÿ™ÿ±ŸÜÿØ #kitten #fishing #ÿ±ŸäÿßŸÉÿ¥ #shorts #short,25185099,684225,0.0,People & Blogs,2024
920,Racist Woman yelling and demanding to see a white doctor born in Canada.,1614429,6369,2096.0,Comedy,2017
921,Remember the 80's ?,3293594,1481,89.0,Comedy,2006
922,Kobe dunks over Shaq in practice (funny),12649333,4492,1247.0,Sports,2006
923,Groom forgets rings prank,2760303,1730,212.0,Entertainment,2016
924,$40 dollar poki bowl!!                    Gotta try this one #food #foodie #salmonlover,16295169,983740,0.0,People & Blogs,2025
925,Koca Kalpli ARDA G√úLER ‚ù§Ô∏è,26787697,634428,0.0,Entertainment,2024
926,think smarter not harderü§®#funnymemes #harvard #basketball #viralshorts #fyp #fyp„Ç∑„Çöviral,16126369,726522,0.0,People & Blogs,2024
927,"–•–æ–∫–∫–µ–∏—Å—Ç–∫–∏ –†–æ—Å—Å–∏–∏ –∑–∞—Å—Ç–∞–≤–∏–ª–∏ —Å–º–æ–ª–∫–Ω—É—Ç—å —Ç—Ä–∏–±—É–Ω—ã, –æ—Å–≤–∏—Å—Ç—ã–≤–∞—é—â–∏–µ —Ä–æ—Å—Å–∏–π—Å–∫–∏–π –≥–∏–º–Ω. –ñ–µ–Ω—Å–∫–∏–π –ú–ß–ú-2017.",1191850,7735,546.0,People & Blogs,2017
928,When the Cyberpunk 2077 combat music kicks in,2368634,127435,0.0,Comedy,2020
929,Tyler Childers - In Your Love (Official Video),3821851,95025,0.0,Music,2023
930,Biker gets shot at after hitting the side view mirror #shocked #reels #shorts #shortsvideo #fyp #usa,24948709,1050338,0.0,Entertainment,2024
931,üí•The best way to Discover Your Ideal Luxury Vehicle with AMIN! #car #luxurylifestyle #luxurycars,25592660,745991,0.0,People & Blogs,2024
932,NO POMEGRANATES,4648330,153880,1563.0,People & Blogs,2017
933,Jean-Claude Juncker drunk and bitch slaps leaders,2668268,5378,576.0,People & Blogs,2015
934,Lunchtime baby belly laughs,575200,5231,150.0,Entertainment,2017
935,The megalodon-World's Biggest Shark,13893527,8744,5157.0,Entertainment,2007
936,#corgi #petpet #lovepet #cutespets #cute #funny,18561383,681355,0.0,People & Blogs,2024
937,Bro wake up and choose violence üóøüíÄ||#trending #shorts,14336051,1077519,0.0,People & Blogs,2024
938,FEDERAL AGENT RUINS HIS CAREER WITH ONE CRAZY MOVE,34390670,1310073,0.0,People & Blogs,2024
939,Caroline & Bonnie save Elena once again‚ú®Ô∏è #vampirediaries #elenagilbert #ninadobrev #ian #shortsfeed,17308836,652646,0.0,People & Blogs,2024
940,Big Bang Theory - Why Sheldon does not celebrate christmas,1684744,4911,135.0,Comedy,2010
941,Why athletes should wear pants,17802747,2935,46151.0,Sports,2008
942,Sold Pupper Dance,1712611,38836,434.0,People & Blogs,2017
943,Ken Lee or Without you by Mariah Carey (ENGLISH SUBTITLES),18308842,28127,1491.0,Entertainment,2008
944,HSMFanNisa Exclusive:High School Musical 2 Song(s)With Lyric,7352624,2538,256.0,Music,2007
945,Parents attending the art show.#shorts #viralvideos #show,12386186,929034,0.0,Film & Animation,2024
946,Dexter for the Justice of his children. | Twin Tribes - Monolith (slowed + reverb),20227916,1285687,0.0,People & Blogs,2024
947,"""–ì–∏—Ç–ª–µ—Ä 1945 / –ù–∞–≤–∞–ª—å–Ω—ã–π 2018"" ‚Äî –ú–û–ñ–ï–ú –ü–û–í–¢–û–†–ò–¢–¨!",2282062,15180,178042.0,People & Blogs,2017
948,Star Wars but every time someone shoots a laser it speeds up,5535360,89869,5731.0,Film & Animation,2016
949,That awkward moment when Hugh Jackman remembers he taught you at school,6602771,118797,840.0,Entertainment,2013
950,Comedian Hits on Hecklers Girlfriend,5260834,6870,1032.0,Comedy,2007
951,2016 MAMA ÁéãÂ§ßÈô∏ Â§ßÂπ≥Âè∞,1735464,2708,4760.0,People & Blogs,2016
952,S.Pri Noir - 7 vies (Clip Officiel) ft. RK,185304,13026,111.0,Music,2021
953,r/place meteor,770494,26094,0.0,Gaming,2022
954,nE !?,1276617,11184,0.0,Music,2024
955,Ishq Hai,2821667,43311,0.0,Music,2024
956,ROSONES TITO DP,1245576,14025,0.0,Music,2024
957,Fooled them all... ü§ØüíÄ#troll #trollface #edit,22321344,1572540,0.0,Entertainment,2024
958,Cocky Fighter blinks and gets KO'd on TUF 24,3451065,16886,1227.0,Sports,2016
959,Sleeping Beauty Proposal,2419418,27748,200.0,Comedy,2020
960,Ridiculous editing,573270,3569,260.0,People & Blogs,2017
961,Proof we're getting old pt.3 üíî,27663643,1459636,0.0,Entertainment,2024
962,bro can't lose haha!.#stake  #cabrzy #roulette  #shorts #short #viral #casino #slots,14837506,1312159,0.0,People & Blogs,2024
963,Lo mas tierno de Hoy #respetoanimal #shortsviral,29166229,414778,0.0,People & Blogs,2024
964,# #foryou #movie,10184724,1206753,0.0,People & Blogs,2024
965,bro's adrenaline rushed at right time #shortsfeed #gain97 #adernaline#trending#viral #youtubeshorts,15910827,831070,0.0,Entertainment,2024
966,Kurdish KANGAL vs.American Pitbull Terrier Dog Fight 2008,8066421,1267,5689.0,Pets & Animals,2008
967,–ù–∞–ø–∞–¥–µ–Ω–∏–µ –±–∞–π–∫–µ—Ä–æ–≤ –Ω–∞ –º–∞—à–∏–Ω—É! (—Å –Ω–µ–æ–∂–∏–¥–∞–Ω–Ω—ã–º –∫–æ–Ω—Ü–æ–º!),15766889,15639,2200.0,People & Blogs,2014
968,Average Guy vs Football Players,2281850,12245,421.0,Sports,2010
969,Seth Rogen Laugh + Cantina Song = Nightmares,9244302,76823,2393.0,Entertainment,2014
970,Piccola - Piccola (Official Fan Video),1650882,4499,189.0,Music,2017
971,Kiss Guy (YAYO Sanchez) plays Monkeywrench w/ Foo Fighters Austin TX 4-18-18,5463878,40430,745.0,Music,2018
972,Dalek Relaxation Tape,1879731,19392,252.0,Entertainment,2012
973,Cat Burns - go (Lyric Video) ft. Sam Smith,772111,26700,0.0,Music,2022
974,Angry pedestrian gets instant karma,9628813,133087,4086.0,Entertainment,2017
975,ECKO - MUJER (Official Video),1611367,73686,4244.0,Unknown,2020
976,–ñ–∏–∑–Ω—å –ø–ª–∞—Å—Ç–∏–∫–æ–≤–æ–π –±—É—Ç—ã–ª–∫–∏,2061290,2432,387.0,People & Blogs,2017
977,German Shepherd suddenly realizes he is at the vet,7053186,71435,1980.0,People & Blogs,2014
978,Tafel st√ºrzt beinahe auf Dozenten | TU M√ºnchen | Elektrotechnik,2184618,39566,1147.0,People & Blogs,2017
979,DIESEL LOUIE,1605558,1035,52.0,Autos & Vehicles,2007
980,FloRida - Right Round (VinylRockerz Remix),3334348,3889,471.0,Music,2009
981,Zigle Zigle,532977,4213,0.0,Music,2024
982,Cantona VS Supporter,3694102,5186,465.0,Sports,2011
983,Popping a Balloon in an Anechoic Chamber,6356385,32310,6821.0,Science & Technology,2015
984,The Biggest Tourbillon Wristwatch - Maximus by Kerbedanz in Limited Edition,324725,5456,136.0,People & Blogs,2017
985,Star Wars Crosswalk ü¶∫ü¶∫ü¶∫,15515651,800567,0.0,Education,2024
986,Med Cezir,1184183,13883,0.0,Music,2024
987,I ate the Farburger#movie #shorts,12720992,1080964,0.0,People & Blogs,2024
988,Please tell me I did a good job ü•π‚ù§Ô∏è #art,14310073,801435,0.0,People & Blogs,2024
989,‚ÄúI know what I‚Äôm doing.‚Äù Famous last words! | #TheRookie,64992299,1615193,0.0,Film & Animation,2024
990,Samsung mocking Apple üòÇüíÄ #blowup #apple #samsung #edit,35508692,2324673,0.0,People & Blogs,2024
991,Îã§Ïù¥ÏÜåÏóêÏÑú ÏÇ∞ Ïû•ÎÇúÍ∞ê,29754253,960096,0.0,Pets & Animals,2025
992,"Rihanna ""Cry""",32695896,47735,1456.0,Music,2007
993,New Champ Kayn/Rhaast Leak for LOL (Moobeat credit me you derro),847249,1857,173.0,People & Blogs,2017
994,Ford Mustang Launch (street),1001605,2214,27.0,Autos & Vehicles,2008
995,Eminem is gay - The Interview,2718939,43492,0.0,Entertainment,2014
996,Yakuza OST - Baka Mitai („Å∞„Åã„Åø„Åü„ÅÑ) Kiryu full version,52890986,850425,0.0,Gaming,2017
997,What a Twist #memes #shorts #movie,11637337,938043,0.0,Gaming,2024
